CATALUNYA;GLOBAL;2021-10-01;2021-10-07;Si;;;70.5875;21.1762;15;5294.0678;3163;587;0.8839;19;1;0;9;6;16;7;2158;444;45;69
CATALUNYA;GLOBAL;2021-09-30;2021-10-06;Si;;;81.8815;23.9997;17;5495.9482;3296;597;0.9640;18;2;0;10;7;17;9;2243;454;54;63
CATALUNYA;GLOBAL;2021-09-29;2021-10-05;Si;;;88.9403;26.8232;19;5755.7105;3462;615;1.0036;21;4;2;12;7;19;9;2310;480;50;79
CATALUNYA;GLOBAL;2021-09-28;2021-10-04;Si;;;95.9990;33.8820;24;6080.4133;3710;597;1.1777;22;4;4;16;8;24;10;2432;455;48;84
CATALUNYA;GLOBAL;2021-09-27;2021-10-03;Si;;;95.9990;38.1172;27;6486.9977;3903;692;0.9643;27;4;6;19;8;21;9;2574;537;54;96
CATALUNYA;GLOBAL;2021-09-26;2021-10-02;Si;;;98.8225;42.3525;30;6372.6459;3907;607;1.0852;28;4;8;21;9;23;10;2566;475;55;98
CATALUNYA;GLOBAL;2021-09-25;2021-10-01;Si;;;101.6461;43.7642;31;6557.5853;4031;614;1.0873;31;3;9;22;9;24;10;2652;475;56;96
CATALUNYA;GLOBAL;2021-09-24;2021-09-30;Si;;;132.7046;49.4112;35;6560.4088;3982;665;1.2566;31;4;9;26;9;28;10;2542;482;58;109
CATALUNYA;GLOBAL;2021-09-23;2021-09-29;Si;;;156.7044;57.8818;41;6592.8791;3926;744;1.4085;38;3;9;30;11;32;11;2523;530;66;139
CATALUNYA;GLOBAL;2021-09-22;2021-09-28;Si;;;172.2336;62.1170;44;6683.2312;4009;725;1.3557;36;1;9;32;12;32;10;2590;508;88;156
CATALUNYA;GLOBAL;2021-09-21;2021-09-27;Si;;;183.5276;62.1170;44;6824.4063;4131;703;1.3072;32;1;8;32;12;32;10;2715;498;101;166
CATALUNYA;GLOBAL;2021-09-20;2021-09-26;Si;;;186.3511;57.8818;41;6930.2877;4294;615;1.3496;24;1;6;32;9;35;7;2701;411;102;165
CATALUNYA;GLOBAL;2021-09-19;2021-09-25;Si;;;183.5276;56.4700;40;6924.6407;4270;635;1.2524;28;1;5;32;8;33;6;2686;428;101;163
CATALUNYA;GLOBAL;2021-09-18;2021-09-24;Si;;;187.7629;57.8818;41;6913.3466;4267;630;1.3175;32;1;4;33;8;35;6;2686;426;103;165
CATALUNYA;GLOBAL;2021-09-17;2021-09-23;Si;;;182.1159;83.2933;59;7324.1663;4607;581;1.6954;44;1;7;50;9;50;7;2953;409;99;150
CATALUNYA;GLOBAL;2021-09-16;2021-09-22;Si;;;179.2924;98.8225;70;8155.6879;5242;535;1.7824;41;1;11;60;10;59;8;3368;391;88;118
CATALUNYA;GLOBAL;2021-09-15;2021-09-21;Si;;;194.8216;110.1166;78;8488.8612;5461;552;1.9898;41;1;10;66;12;66;12;3527;393;77;98
CATALUNYA;GLOBAL;2021-09-14;2021-09-20;Si;;;206.1157;121.4106;86;8598.9778;5483;608;2.2956;49;1;13;72;14;75;14;3451;426;69;84
CATALUNYA;GLOBAL;2021-09-13;2021-09-19;Si;;;215.9979;128.4693;91;8870.0341;5630;653;2.2408;55;1;14;75;16;75;16;3607;454;63;76
CATALUNYA;GLOBAL;2021-09-12;2021-09-18;Si;;;217.4097;127.0576;90;8963.2097;5695;654;2.2136;49;1;15;75;15;76;15;3662;449;63;77
CATALUNYA;GLOBAL;2021-09-11;2021-09-17;Si;;;215.9979;129.8811;92;8963.2097;5652;697;2.2357;46;1;18;76;16;76;16;3638;477;60;77
CATALUNYA;GLOBAL;2021-09-10;2021-09-16;Si;;;208.9392;98.8225;70;9107.2084;5749;702;1.7766;38;0;16;54;16;57;16;3626;483;62;96
CATALUNYA;GLOBAL;2021-09-09;2021-09-15;Si;;;194.8216;80.4698;57;8854.5048;5586;686;1.5553;36;0;12;44;13;48;13;3465;457;64;97
CATALUNYA;GLOBAL;2021-09-08;2021-09-14;Si;;;213.1744;84.7050;60;9105.7966;5756;694;1.7461;36;0;13;43;17;53;17;3543;466;69;91
CATALUNYA;GLOBAL;2021-09-07;2021-09-13;Si;;;225.8802;84.7050;60;9578.7333;6124;661;1.5080;33;0;11;40;20;44;20;3794;450;62;101
CATALUNYA;GLOBAL;2021-09-06;2021-09-12;Si;;;225.8802;87.5285;62;10583.9003;6845;652;1.4082;31;0;11;41;21;45;21;4233;454;66;112
CATALUNYA;GLOBAL;2021-09-05;2021-09-11;Si;;;228.7037;90.3520;64;10517.5480;6786;664;1.4836;34;0;9;41;23;46;23;4191;460;66;112
CATALUNYA;GLOBAL;2021-09-04;2021-09-10;Si;;;237.1742;86.1168;61;10530.2538;6829;630;1.4066;31;0;7;39;22;44;22;4250;442;66;111
CATALUNYA;GLOBAL;2021-09-03;2021-09-09;Si;;;247.0564;110.1166;78;11087.8956;7027;827;1.6623;34;0;7;54;24;58;24;4367;566;70;116
CATALUNYA;GLOBAL;2021-09-02;2021-09-08;Si;;;268.2327;114.3518;81;12294.9431;7866;843;1.5522;35;0;9;50;31;54;31;4916;560;86;132
CATALUNYA;GLOBAL;2021-09-01;2021-09-07;Si;;;266.8210;128.4693;91;13151.8762;8476;840;1.5763;34;0;11;68;23;70;23;5349;551;78;137
CATALUNYA;GLOBAL;2021-08-31;2021-09-06;Si;;;286.5855;141.1751;100;13566.9311;8629;981;1.8809;39;1;14;73;27;87;27;5448;613;81;128
CATALUNYA;GLOBAL;2021-08-30;2021-09-05;Si;;;289.4090;138.3516;98;13336.8156;8369;1078;1.8587;40;1;17;70;28;83;28;5318;654;81;116
CATALUNYA;GLOBAL;2021-08-29;2021-09-04;Si;;;292.2325;138.3516;98;13453.9910;8376;1154;1.8411;38;1;18;71;27;84;27;5317;712;81;118
CATALUNYA;GLOBAL;2021-08-28;2021-09-03;Si;;;341.6438;151.0574;107;13733.5178;8497;1231;1.8660;42;1;20;80;27;88;27;5406;757;82;121
CATALUNYA;GLOBAL;2021-08-27;2021-09-02;Si;;;351.5261;136.9398;97;14236.1013;8877;1207;1.6337;38;1;19;70;27;78;27;5685;742;79;130
CATALUNYA;GLOBAL;2021-08-26;2021-09-01;Si;;;375.5258;153.8809;109;14260.1010;8762;1339;1.8264;37;1;19;86;23;94;23;5569;837;72;129
CATALUNYA;GLOBAL;2021-08-25;2021-08-31;Si;;;367.0553;138.3516;98;14943.3887;9160;1425;1.5873;42;2;17;74;24;81;24;5722;893;82;141
CATALUNYA;GLOBAL;2021-08-24;2021-08-30;Si;;;368.4671;145.4103;103;15222.9155;9397;1386;1.5280;36;1;16;81;22;81;22;5837;904;84;163
CATALUNYA;GLOBAL;2021-08-23;2021-08-29;Si;;;413.6431;151.0574;107;16307.1406;10045;1506;1.4683;36;1;14;77;30;76;30;6246;973;82;177
CATALUNYA;GLOBAL;2021-08-22;2021-08-28;Si;;;426.3489;153.8809;109;16393.2574;10026;1586;1.5047;36;1;17;78;31;78;31;6240;1004;83;176
CATALUNYA;GLOBAL;2021-08-21;2021-08-27;Si;;;434.8194;190.5864;135;16798.4301;10187;1712;1.9262;40;1;19;99;36;106;36;6306;1066;84;173
CATALUNYA;GLOBAL;2021-08-20;2021-08-26;Si;;;464.4662;214.5862;152;17405.4832;10518;1811;2.0493;41;1;22;111;41;117;41;6547;1163;92;175
CATALUNYA;GLOBAL;2021-08-19;2021-08-25;Si;;;470.1132;221.6449;157;18604.0601;11325;1853;2.0667;44;1;24;108;49;121;50;7066;1208;98;177
CATALUNYA;GLOBAL;2021-08-18;2021-08-24;Si;;;470.1132;228.7037;162;18702.8827;11404;1844;2.1318;47;0;30;110;52;121;54;6993;1216;94;162
CATALUNYA;GLOBAL;2021-08-17;2021-08-23;Si;;;496.9364;223.0567;158;19573.9334;11930;1935;1.9246;51;0;35;102;56;110;57;7420;1257;99;146
CATALUNYA;GLOBAL;2021-08-16;2021-08-22;Si;;;556.2300;262.5857;186;20463.3368;12489;2006;2.1994;52;0;37;129;57;143;58;7816;1323;109;149
CATALUNYA;GLOBAL;2021-08-15;2021-08-21;Si;;;568.9358;272.4680;193;20484.5130;12577;1933;2.2725;59;0;38;130;63;144;64;7874;1279;108;149
CATALUNYA;GLOBAL;2021-08-14;2021-08-20;Si;;;553.4065;244.2329;173;20724.5108;12727;1953;2.0147;61;0;44;109;64;122;65;7943;1339;109;150
CATALUNYA;GLOBAL;2021-08-13;2021-08-19;Si;;;642.3468;249.8800;177;21268.0351;13120;1945;2.0490;66;0;53;112;65;128;66;8143;1325;131;167
CATALUNYA;GLOBAL;2021-08-12;2021-08-18;Si;;;667.7584;248.4682;176;21085.9191;13058;1878;2.0077;76;0;61;113;63;125;63;8078;1286;144;191
CATALUNYA;GLOBAL;2021-08-11;2021-08-17;Si;;;739.7577;241.4094;171;21323.0934;13115;1989;1.9013;75;0;61;107;64;120;63;8286;1339;149;202
CATALUNYA;GLOBAL;2021-08-10;2021-08-16;Si;;;784.9337;273.8797;194;22050.1454;13600;2019;2.1283;75;0;61;137;57;153;58;8548;1366;160;204
CATALUNYA;GLOBAL;2021-08-09;2021-08-15;Si;;;800.4630;293.6442;208;22823.7851;14187;1980;2.1779;81;0;66;140;68;157;67;8943;1342;154;190
CATALUNYA;GLOBAL;2021-08-08;2021-08-14;Si;;;814.5805;296.4677;210;23152.7232;14415;1985;2.1497;82;0;67;142;68;156;68;9065;1355;156;188
CATALUNYA;GLOBAL;2021-08-07;2021-08-13;Si;;;839.9920;309.1735;219;23197.8993;14500;1932;2.1774;76;0;65;149;70;159;69;9161;1310;161;186
CATALUNYA;GLOBAL;2021-08-06;2021-08-12;Si;;;927.5206;392.4668;278;24866.5894;15497;2117;2.6638;75;0;66;206;72;227;71;9763;1424;158;153
CATALUNYA;GLOBAL;2021-08-05;2021-08-11;Si;;;999.5200;419.2901;297;25477.8778;15865;2182;2.6721;66;0;59;225;72;239;70;10099;1465;164;109
CATALUNYA;GLOBAL;2021-08-04;2021-08-10;Si;;;1109.6366;498.3482;353;26655.2785;16733;2148;3.0553;72;0;55;275;78;298;76;10783;1458;178;110
CATALUNYA;GLOBAL;2021-08-03;2021-08-09;Si;;;1171.7536;511.0540;362;27492.4471;17195;2279;3.1059;76;1;54;282;80;314;78;11069;1552;206;103
CATALUNYA;GLOBAL;2021-08-02;2021-08-08;Si;;;1255.0470;506.8187;359;27507.9763;17076;2409;3.1165;79;1;53;284;75;313;77;10881;1633;215;105
CATALUNYA;GLOBAL;2021-08-01;2021-08-07;Si;;;1267.7527;518.1127;367;28016.2069;17095;2750;3.1279;79;1;56;286;81;318;82;10907;1881;218;105
CATALUNYA;GLOBAL;2021-07-31;2021-08-06;Si;;;1291.7525;530.8185;376;28535.7314;17462;2751;3.2350;86;1;54;292;84;333;88;11153;1861;211;107
CATALUNYA;GLOBAL;2021-07-30;2021-08-05;Si;;;1356.6931;535.0537;379;27714.0921;16629;3002;3.3110;88;3;54;291;88;328;93;10711;2004;226;112
CATALUNYA;GLOBAL;2021-07-29;2021-08-04;Si;;;1535.9855;580.2298;411;27687.2688;16465;3147;3.7382;92;3;58;314;97;365;108;10581;2072;221;140
CATALUNYA;GLOBAL;2021-07-28;2021-08-03;Si;;;1599.5143;611.2883;433;27368.2130;15995;3391;3.9289;93;5;67;308;125;348;136;10121;2198;226;134
CATALUNYA;GLOBAL;2021-07-27;2021-08-02;Si;;;1651.7491;660.6996;468;26433.6335;15357;3367;4.2599;94;4;69;302;166;338;176;9885;2181;190;131
CATALUNYA;GLOBAL;2021-07-26;2021-08-01;Si;;;1726.5719;748.2282;530;25901.4032;14880;3467;4.6409;102;4;74;348;182;374;183;9711;2291;194;130
CATALUNYA;GLOBAL;2021-07-25;2021-07-31;Si;;;1739.2777;749.6400;531;25791.2866;14975;3294;4.6933;102;5;75;352;179;380;180;9764;2168;190;135
CATALUNYA;GLOBAL;2021-07-24;2021-07-30;Si;;;1757.6305;760.9340;539;25873.1682;14979;3348;4.6812;105;6;80;354;185;373;185;9716;2204;191;137
CATALUNYA;GLOBAL;2021-07-23;2021-07-29;Si;;;1727.9837;821.6393;582;25057.1759;14730;3019;5.2159;109;4;76;395;187;418;186;9557;2023;227;175
CATALUNYA;GLOBAL;2021-07-22;2021-07-28;Si;;;1790.1007;955.7557;677;24642.1210;14528;2927;5.8228;113;5;73;491;186;486;181;9465;1990;234;166
CATALUNYA;GLOBAL;2021-07-21;2021-07-27;Si;;;1753.3952;988.2259;700;23824.7169;13968;2908;6.0998;106;3;64;504;196;501;187;9234;2045;241;173
CATALUNYA;GLOBAL;2021-07-20;2021-07-26;Si;;;1701.1604;991.0494;702;22864.7259;13064;3132;6.3165;113;3;58;527;175;520;163;8596;2217;252;184
CATALUNYA;GLOBAL;2021-07-19;2021-07-25;Si;;;1607.9848;978.3437;693;20324.9851;11351;3046;6.9830;105;3;47;517;176;503;171;7512;2140;235;193
CATALUNYA;GLOBAL;2021-07-18;2021-07-24;Si;;;1586.8085;989.6377;701;19535.8161;10932;2906;7.2956;105;3;41;517;184;502;177;7270;2037;237;192
CATALUNYA;GLOBAL;2021-07-17;2021-07-23;Si;;;1541.6325;996.6965;706;18564.5311;10360;2790;7.6932;99;2;31;512;194;502;186;6973;1970;239;194
CATALUNYA;GLOBAL;2021-07-16;2021-07-22;Si;;;1382.1046;906.3444;642;17690.6570;9991;2540;7.1756;97;2;23;447;195;425;186;6717;1798;201;153
CATALUNYA;GLOBAL;2021-07-15;2021-07-21;Si;;;1177.4006;834.3450;591;16120.7894;9066;2353;7.3332;92;2;18;367;224;365;213;6204;1678;191;146
CATALUNYA;GLOBAL;2021-07-14;2021-07-20;Si;;;1034.8137;765.1692;542;14447.8640;8146;2088;7.6226;93;2;14;348;194;351;187;5588;1470;224;147
CATALUNYA;GLOBAL;2021-07-13;2021-07-19;Si;;;921.8736;710.1109;503;12973.9955;7538;1652;7.7834;78;2;10;318;185;313;180;5160;1174;235;162
CATALUNYA;GLOBAL;2021-07-12;2021-07-18;Si;;;786.3455;629.6411;446;12098.7096;7155;1415;7.5788;68;2;9;276;170;286;166;4943;1021;250;171
CATALUNYA;GLOBAL;2021-07-11;2021-07-17;Si;;;748.2282;597.1708;423;12018.2398;7159;1354;7.2718;59;2;5;268;155;276;155;4939;988;247;172
CATALUNYA;GLOBAL;2021-07-10;2021-07-16;Si;;;690.3464;544.9360;386;11490.2447;6771;1368;6.9656;51;2;3;252;134;259;134;4651;991;247;184
CATALUNYA;GLOBAL;2021-07-09;2021-07-15;Si;;;598.5826;475.7602;337;9959.9062;5677;1378;6.9683;46;3;4;212;125;220;125;3995;956;241;191
CATALUNYA;GLOBAL;2021-07-08;2021-07-14;Si;;;433.4076;343.0555;243;9019.6798;5030;1359;5.5029;45;3;3;150;93;153;91;3511;923;240;218
CATALUNYA;GLOBAL;2021-07-07;2021-07-13;Si;;;340.2320;269.6445;191;7956.6309;4318;1318;4.7717;37;3;3;110;81;107;79;3010;888;198;245
CATALUNYA;GLOBAL;2021-07-06;2021-07-12;Si;;;266.8210;211.7627;150;7245.1082;3756;1376;4.1760;36;4;4;81;69;82;67;2643;925;198;235
CATALUNYA;GLOBAL;2021-07-05;2021-07-11;Si;;;200.4687;156.7044;111;6534.9973;3352;1277;3.4439;36;4;3;57;54;58;51;2332;833;196;240
CATALUNYA;GLOBAL;2021-07-04;2021-07-10;Si;;;191.9981;151.0574;107;6376.8811;3331;1186;3.3387;41;5;3;53;54;54;49;2316;769;197;247
CATALUNYA;GLOBAL;2021-07-03;2021-07-09;Si;;;182.1159;145.4103;103;6245.5882;3359;1065;3.2684;45;5;3;52;51;53;46;2342;687;205;240
CATALUNYA;GLOBAL;2021-07-02;2021-07-08;Si;;;152.4691;122.8223;87;5281.3620;2847;894;3.1202;38;4;2;43;44;42;40;2026;602;244;273
CATALUNYA;GLOBAL;2021-07-01;2021-07-07;Si;;;117.1753;90.3520;64;4325.6063;2212;852;3.0065;30;3;3;34;30;36;29;1597;565;249;286
CATALUNYA;GLOBAL;2021-06-30;2021-07-06;Si;;;103.0578;70.5875;50;3961.3744;2084;722;2.4963;26;3;3;27;23;29;22;1558;485;247;270
CATALUNYA;GLOBAL;2021-06-29;2021-07-05;Si;;;100.2343;55.0583;39;3496.9082;1975;502;2.2577;22;2;2;22;17;24;17;1499;317;249;282
CATALUNYA;GLOBAL;2021-06-28;2021-07-04;Si;;;84.7050;43.7642;31;3324.6745;2005;350;1.9009;17;2;2;20;11;22;11;1509;227;251;288
CATALUNYA;GLOBAL;2021-06-27;2021-07-03;Si;;;77.6463;40.9407;29;3306.3218;2003;339;1.7909;12;0;5;20;9;22;9;1512;219;254;287
CATALUNYA;GLOBAL;2021-06-26;2021-07-02;Si;;;70.5875;36.7055;26;3127.0293;1908;307;1.6534;8;0;5;20;6;20;7;1428;205;247;290
CATALUNYA;GLOBAL;2021-06-25;2021-07-01;Si;;;59.2935;29.6467;21;2901.1491;1765;290;1.4122;12;0;4;16;5;15;6;1295;192;181;255
CATALUNYA;GLOBAL;2021-06-24;2021-06-30;Si;;;55.0583;26.8232;19;2654.0926;1679;201;1.3679;15;0;3;15;4;14;5;1244;145;138;191
CATALUNYA;GLOBAL;2021-06-23;2021-06-29;Si;;;52.2348;32.4702;23;2459.2709;1564;178;1.7843;20;0;3;17;6;17;6;1160;129;141;179
CATALUNYA;GLOBAL;2021-06-22;2021-06-28;Si;;;50.8230;45.1760;32;2367.5071;1495;182;2.5641;22;1;5;21;11;21;11;1115;133;150;180
CATALUNYA;GLOBAL;2021-06-21;2021-06-27;Si;;;43.7642;40.9407;29;2226.3319;1400;177;2.2785;23;1;5;19;10;17;10;1055;130;153;172
CATALUNYA;GLOBAL;2021-06-20;2021-06-26;Si;;;40.9407;36.7055;26;2200.9204;1395;164;2.0322;22;1;4;18;8;16;8;1059;122;156;172
CATALUNYA;GLOBAL;2021-06-19;2021-06-25;Si;;;36.7055;33.8820;24;2124.6858;1338;167;1.8820;21;1;4;15;9;14;8;1041;128;170;168
CATALUNYA;GLOBAL;2021-06-18;2021-06-24;Si;;;33.8820;29.6467;21;2181.1559;1379;166;1.6353;17;1;5;13;8;13;7;1096;127;214;209
CATALUNYA;GLOBAL;2021-06-17;2021-06-23;Si;;;35.2937;28.2350;20;2412.6831;1508;201;1.4105;12;1;5;12;8;12;7;1189;158;276;245
CATALUNYA;GLOBAL;2021-06-16;2021-06-22;Si;;;28.2350;19.7645;14;2512.9175;1575;205;0.9380;11;1;6;8;6;7;6;1222;164;273;259
CATALUNYA;GLOBAL;2021-06-15;2021-06-21;Si;;;18.3527;5.6470;4;2517.1527;1571;212;0.2146;11;1;4;3;1;2;1;1224;174;271;246
CATALUNYA;GLOBAL;2021-06-14;2021-06-20;Si;;;14.1175;2.8235;2;2630.0928;1634;229;0.1360;11;1;4;1;1;1;1;1283;188;280;243
CATALUNYA;GLOBAL;2021-06-13;2021-06-19;Si;;;16.9410;4.2352;3;2628.6811;1635;227;0.2076;12;2;3;2;1;2;1;1261;184;281;237
CATALUNYA;GLOBAL;2021-06-12;2021-06-18;Si;;;15.5292;2.8235;2;2630.0928;1633;230;0.1393;14;2;5;2;0;2;0;1250;186;266;234
CATALUNYA;GLOBAL;2021-06-11;2021-06-17;Si;;;16.9410;4.2352;3;2620.2106;1629;227;0.2104;14;2;4;2;1;2;1;1240;186;281;252
CATALUNYA;GLOBAL;2021-06-10;2021-06-16;Si;;;18.3527;7.0587;5;2709.1509;1681;238;0.3463;15;2;5;4;1;4;1;1250;194;279;314
CATALUNYA;GLOBAL;2021-06-09;2021-06-15;Si;;;19.7645;8.4705;6;2697.8569;1681;230;0.4167;12;2;5;5;1;5;1;1253;187;297;331
CATALUNYA;GLOBAL;2021-06-08;2021-06-14;Si;;;19.7645;12.7057;9;2668.2101;1662;228;0.6424;11;1;6;6;3;6;3;1218;183;279;345
CATALUNYA;GLOBAL;2021-06-07;2021-06-13;Si;;;19.7645;11.2940;8;2593.3873;1625;212;0.5939;12;1;6;5;3;5;3;1174;173;297;333
CATALUNYA;GLOBAL;2021-06-06;2021-06-12;Si;;;18.3527;12.7057;9;2603.2696;1629;215;0.6589;10;0;5;4;5;4;5;1188;178;291;335
CATALUNYA;GLOBAL;2021-06-05;2021-06-11;Si;;;19.7645;12.7057;9;2638.5634;1652;217;0.6526;8;0;3;4;5;4;5;1204;175;290;338
CATALUNYA;GLOBAL;2021-06-04;2021-06-10;Si;;;22.5880;12.7057;9;2689.3864;1668;237;0.6392;9;0;3;5;4;5;4;1215;193;296;372
CATALUNYA;GLOBAL;2021-06-03;2021-06-09;Si;;;21.1762;11.2940;8;2543.9760;1602;200;0.5874;10;1;2;4;4;4;4;1199;163;276;353
CATALUNYA;GLOBAL;2021-06-02;2021-06-08;Si;;;29.6467;11.2940;8;2584.9168;1635;196;0.5810;10;1;1;4;4;4;4;1220;157;283;388
CATALUNYA;GLOBAL;2021-06-01;2021-06-07;Si;;;32.4702;7.0587;5;2733.1507;1738;198;0.3422;11;2;0;3;2;3;2;1302;159;281;420
CATALUNYA;GLOBAL;2021-05-31;2021-06-06;Si;;;35.2937;8.4705;6;2837.6203;1792;218;0.3945;10;2;2;4;2;4;2;1345;176;262;458
CATALUNYA;GLOBAL;2021-05-30;2021-06-05;Si;;;32.4702;5.6470;4;2863.0318;1806;222;0.2614;12;2;2;4;0;4;0;1353;177;260;469
CATALUNYA;GLOBAL;2021-05-29;2021-06-04;Si;;;32.4702;7.0587;5;2909.6196;1830;231;0.3209;13;2;2;5;0;5;0;1373;185;260;477
CATALUNYA;GLOBAL;2021-05-28;2021-06-03;Si;;;33.8820;9.8822;7;2964.6779;1864;236;0.5031;13;2;5;5;2;6;2;1403;187;284;554
CATALUNYA;GLOBAL;2021-05-27;2021-06-02;Si;;;36.7055;9.8822;7;3036.6773;1910;241;0.6146;12;1;7;5;2;8;2;1440;187;296;583
CATALUNYA;GLOBAL;2021-05-26;2021-06-01;Si;;;38.1172;18.3527;13;3023.9715;1899;243;0.9124;15;1;7;10;3;12;3;1454;190;290;566
CATALUNYA;GLOBAL;2021-05-25;2021-05-31;Si;;;43.7642;25.4115;18;3162.3231;1983;257;1.1689;14;0;8;13;5;15;5;1513;198;316;549
CATALUNYA;GLOBAL;2021-05-24;2021-05-30;Si;;;47.9995;26.8232;19;2998.5600;1880;244;1.3673;15;1;7;12;7;15;7;1425;184;295;516
CATALUNYA;GLOBAL;2021-05-23;2021-05-29;Si;;;49.4112;26.8232;19;2968.9132;1866;237;1.3836;14;1;7;12;7;15;7;1414;176;297;506
CATALUNYA;GLOBAL;2021-05-22;2021-05-28;Si;;;47.9995;25.4115;18;2889.8551;1820;227;1.3636;17;1;7;11;7;14;7;1374;166;299;515
CATALUNYA;GLOBAL;2021-05-21;2021-05-27;Si;;;46.5877;23.9997;17;2785.3855;1764;209;1.2838;16;1;4;12;5;14;5;1325;155;270;523
CATALUNYA;GLOBAL;2021-05-20;2021-05-26;Si;;;47.9995;26.8232;19;2860.2083;1776;250;1.3387;18;1;3;14;5;15;5;1306;188;336;483
CATALUNYA;GLOBAL;2021-05-19;2021-05-25;Si;;;43.7642;19.7645;14;2988.6777;1856;261;1.0918;16;1;3;10;4;13;4;1357;200;371;447
CATALUNYA;GLOBAL;2021-05-18;2021-05-24;Si;;;36.7055;18.3527;13;2961.8544;1842;256;0.9085;15;1;3;11;2;12;2;1348;193;370;432
CATALUNYA;GLOBAL;2021-05-17;2021-05-23;Si;;;39.5290;21.1762;15;3115.7353;1928;279;0.9738;12;1;3;14;1;15;1;1432;211;384;423
CATALUNYA;GLOBAL;2021-05-16;2021-05-22;Si;;;43.7642;22.5880;16;3142.5586;1947;279;1.0247;11;1;4;15;1;16;1;1448;211;388;415
CATALUNYA;GLOBAL;2021-05-15;2021-05-21;Si;;;47.9995;22.5880;16;3135.4999;1949;272;1.0180;10;1;5;15;1;16;1;1461;209;391;388
CATALUNYA;GLOBAL;2021-05-14;2021-05-20;Si;;;52.2348;22.5880;16;3206.0874;1982;289;0.9406;10;2;5;15;1;15;1;1487;214;436;369
CATALUNYA;GLOBAL;2021-05-13;2021-05-19;Si;;;49.4112;21.1762;15;3242.7930;2029;268;0.7968;10;2;4;14;1;13;1;1555;202;422;499
CATALUNYA;GLOBAL;2021-05-12;2021-05-18;Si;;;56.4700;23.9997;17;3331.7333;2083;277;0.8283;9;3;4;14;3;12;3;1606;205;432;570
CATALUNYA;GLOBAL;2021-05-11;2021-05-17;Si;;;56.4700;18.3527;13;3245.6165;2018;281;0.7336;12;3;3;10;3;10;3;1558;214;448;607
CATALUNYA;GLOBAL;2021-05-10;2021-05-16;Si;;;60.7053;18.3527;13;3410.7914;2140;276;0.6469;15;3;2;11;2;10;2;1641;214;498;616
CATALUNYA;GLOBAL;2021-05-09;2021-05-15;Si;;;59.2935;21.1762;15;3461.6144;2165;287;0.7974;18;3;2;12;3;12;3;1658;223;504;616
CATALUNYA;GLOBAL;2021-05-08;2021-05-14;Si;;;60.7053;25.4115;18;3571.7310;2227;303;0.9312;17;3;4;13;5;13;5;1699;234;524;616
CATALUNYA;GLOBAL;2021-05-07;2021-05-13;Si;;;84.7050;29.6467;21;3799.0230;2374;317;1.2291;17;2;4;14;7;18;7;1793;241;601;651
CATALUNYA;GLOBAL;2021-05-06;2021-05-12;Si;;;114.3518;28.2350;20;3855.4931;2398;333;1.1667;18;2;6;13;7;17;7;1807;250;621;761
CATALUNYA;GLOBAL;2021-05-05;2021-05-11;Si;;;127.0576;32.4702;23;4016.4327;2515;330;1.4191;20;1;7;17;6;24;6;1865;249;609;924
CATALUNYA;GLOBAL;2021-05-04;2021-05-10;Si;;;145.4103;38.1172;27;4120.9023;2582;337;1.5200;21;1;8;21;6;27;6;1916;255;594;1022
CATALUNYA;GLOBAL;2021-05-03;2021-05-09;Si;;;175.0571;42.3525;30;4177.3724;2608;351;1.8544;26;0;8;23;7;32;9;1943;268;599;1028
CATALUNYA;GLOBAL;2021-05-02;2021-05-08;Si;;;187.7629;38.1172;27;4188.6664;2612;355;1.6629;25;0;7;21;6;29;8;1951;274;590;1028
CATALUNYA;GLOBAL;2021-05-01;2021-05-07;Si;;;190.5864;35.2937;25;4284.6655;2677;358;1.4932;25;0;5;20;5;28;6;2002;275;574;1029
CATALUNYA;GLOBAL;2021-04-30;2021-05-06;Si;;;199.0569;55.0583;39;4437.1347;2794;349;1.7507;28;0;5;34;5;36;6;2124;275;609;1455
CATALUNYA;GLOBAL;2021-04-29;2021-05-05;Si;;;206.1157;86.1168;61;4454.0757;2806;349;2.7500;31;0;4;55;6;59;7;2129;271;571;1746
CATALUNYA;GLOBAL;2021-04-28;2021-05-04;Si;;;204.7039;94.5873;67;4240.9012;2657;347;2.9565;35;1;3;58;9;58;10;2031;269;564;2074
CATALUNYA;GLOBAL;2021-04-27;2021-05-03;Si;;;210.3509;107.2931;76;4277.6067;2666;364;3.4288;37;1;2;64;12;66;13;2023;281;592;2221
CATALUNYA;GLOBAL;2021-04-26;2021-05-02;Si;;;204.7039;132.7046;94;4447.0169;2789;361;4.0799;33;1;2;75;19;80;18;2118;284;543;2205
CATALUNYA;GLOBAL;2021-04-25;2021-05-01;Si;;;210.3509;149.6456;106;4406.0761;2756;365;4.6296;33;1;3;76;30;81;29;2090;286;542;2205
CATALUNYA;GLOBAL;2021-04-24;2021-04-30;Si;;;213.1744;155.2926;110;4310.0770;2693;360;4.9505;41;2;5;81;29;86;29;2038;285;538;2205
CATALUNYA;GLOBAL;2021-04-23;2021-04-29;Si;;;191.9981;143.9986;102;3930.3159;2431;353;5.1732;44;3;5;72;30;80;29;1826;281;426;1692
CATALUNYA;GLOBAL;2021-04-22;2021-04-28;Si;;;167.9984;119.9988;85;3938.7864;2445;345;4.2056;44;3;6;55;30;61;29;1853;287;498;1737
CATALUNYA;GLOBAL;2021-04-21;2021-04-27;Si;;;156.7044;110.1166;78;3979.7272;2456;363;3.8462;42;2;8;49;29;56;28;1880;304;560;1932
CATALUNYA;GLOBAL;2021-04-20;2021-04-26;Si;;;146.8221;103.0578;73;3887.9634;2416;338;3.6642;39;2;8;47;26;54;25;1871;285;583;2150
CATALUNYA;GLOBAL;2021-04-19;2021-04-25;Si;;;121.4106;71.9993;51;3607.0248;2215;340;2.6052;43;3;9;32;19;34;18;1714;282;565;2152
CATALUNYA;GLOBAL;2021-04-18;2021-04-24;Si;;;111.5283;60.7053;43;3631.0246;2238;334;2.1319;47;4;9;33;10;34;9;1739;278;563;2152
CATALUNYA;GLOBAL;2021-04-17;2021-04-23;Si;;;108.7048;57.8818;41;3571.7310;2199;331;2.1032;39;3;11;30;11;32;10;1720;277;555;2151
CATALUNYA;GLOBAL;2021-04-16;2021-04-22;Si;;;103.0578;47.9995;34;3727.0237;2298;342;1.6859;36;2;13;26;8;27;8;1795;281;661;2410
CATALUNYA;GLOBAL;2021-04-15;2021-04-21;Si;;;110.1166;47.9995;34;3647.9656;2237;347;1.7928;34;2;14;25;9;26;10;1731;277;799;2159
CATALUNYA;GLOBAL;2021-04-14;2021-04-20;Si;;;125.6458;46.5877;33;3727.0237;2304;336;1.7673;32;2;15;26;7;29;7;1769;268;941;1606
CATALUNYA;GLOBAL;2021-04-13;2021-04-19;Si;;;132.7046;43.7642;31;3909.1396;2411;358;1.4835;30;2;15;24;7;25;7;1872;285;1013;1214
CATALUNYA;GLOBAL;2021-04-12;2021-04-18;Si;;;129.8811;49.4112;35;4404.6644;2541;579;1.4644;24;2;14;28;7;27;8;1954;436;1029;1217
CATALUNYA;GLOBAL;2021-04-11;2021-04-17;Si;;;124.2341;50.8230;36;4444.1934;2563;585;1.5410;20;3;14;28;8;29;8;1963;438;1031;1222
CATALUNYA;GLOBAL;2021-04-10;2021-04-16;Si;;;122.8223;50.8230;36;4575.4863;2638;603;1.4640;27;3;10;28;8;28;8;2012;447;1037;1226
CATALUNYA;GLOBAL;2021-04-09;2021-04-15;Si;;;122.8223;55.0583;39;4677.1324;2698;615;1.6680;28;3;12;30;9;33;9;2058;460;1384;1180
CATALUNYA;GLOBAL;2021-04-08;2021-04-14;Si;;;122.8223;62.1170;44;4855.0131;2798;641;1.7898;31;4;10;34;10;38;9;2141;485;1723;952
CATALUNYA;GLOBAL;2021-04-07;2021-04-13;Si;;;129.8811;79.0580;56;5137.3634;2912;727;2.1755;32;5;9;41;15;46;15;2248;556;2127;911
CATALUNYA;GLOBAL;2021-04-06;2021-04-12;Si;;;135.5281;88.9403;63;5335.0086;2978;801;2.3702;38;5;10;45;18;50;18;2276;593;2289;840
CATALUNYA;GLOBAL;2021-04-05;2021-04-11;Si;;;142.5868;80.4698;57;4581.1333;2645;600;2.4741;41;6;10;40;17;46;16;2041;465;2270;826
CATALUNYA;GLOBAL;2021-04-04;2021-04-10;Si;;;136.9398;73.4110;52;4576.8980;2650;592;2.2791;43;4;10;38;14;43;14;2041;460;2269;821
CATALUNYA;GLOBAL;2021-04-03;2021-04-09;Si;;;142.5868;71.9993;51;4454.0757;2573;582;2.2913;41;5;12;38;13;43;13;1988;456;2270;818
CATALUNYA;GLOBAL;2021-04-02;2021-04-08;Si;;;141.1751;67.7640;48;4046.0795;2303;563;2.2829;41;5;12;36;12;39;12;1788;446;1727;478
CATALUNYA;GLOBAL;2021-04-01;2021-04-07;Si;;;136.9398;60.7053;43;3882.3164;2210;540;2.1425;39;4;13;33;10;36;10;1720;427;1637;588
CATALUNYA;GLOBAL;2021-03-31;2021-04-06;Si;;;127.0576;50.8230;36;3671.9654;2135;466;1.8859;37;3;13;28;8;29;9;1657;358;1775;833
CATALUNYA;GLOBAL;2021-03-30;2021-04-05;Si;;;128.4693;46.5877;33;3420.6736;2036;387;1.9027;40;4;12;23;10;26;10;1585;307;2176;1060
CATALUNYA;GLOBAL;2021-03-29;2021-04-04;Si;;;148.2338;62.1170;44;4166.0784;2353;598;2.0668;43;2;12;29;15;32;15;1828;446;2229;1112
CATALUNYA;GLOBAL;2021-03-28;2021-04-03;Si;;;152.4691;63.5288;45;4153.3726;2332;610;2.1136;45;3;12;29;16;32;16;1815;456;2228;1112
CATALUNYA;GLOBAL;2021-03-27;2021-04-02;Si;;;156.7044;70.5875;50;4247.9600;2396;613;2.2346;44;3;10;33;17;35;17;1870;457;2236;1124
CATALUNYA;GLOBAL;2021-03-26;2021-04-01;Si;;;158.1161;73.4110;52;4591.0156;2596;656;2.0775;48;4;6;32;20;32;20;2021;482;2571;1588
CATALUNYA;GLOBAL;2021-03-25;2021-03-31;Si;;;158.1161;76.2345;54;4695.4852;2647;679;2.0833;45;4;5;35;19;34;19;2050;494;2405;1902
CATALUNYA;GLOBAL;2021-03-24;2021-03-30;Si;;;156.7044;76.2345;54;4646.0739;2604;687;2.1048;54;5;4;37;17;37;16;2017;501;1945;2157
CATALUNYA;GLOBAL;2021-03-23;2021-03-29;Si;;;152.4691;81.8815;58;4855.0131;2687;752;2.1870;49;4;6;44;14;44;14;2081;571;1323;2161
CATALUNYA;GLOBAL;2021-03-22;2021-03-28;Si;;;151.0574;86.1168;61;4838.0721;2706;721;2.2289;46;4;6;50;11;48;11;2103;544;1381;2242
CATALUNYA;GLOBAL;2021-03-21;2021-03-27;Si;;;153.8809;88.9403;63;4802.7783;2694;708;2.3185;43;5;6;51;12;49;12;2099;532;1381;2242
CATALUNYA;GLOBAL;2021-03-20;2021-03-26;Si;;;146.8221;86.1168;61;4764.6610;2669;706;2.2675;43;4;7;50;11;48;11;2074;528;1367;2235
CATALUNYA;GLOBAL;2021-03-19;2021-03-25;Si;;;146.8221;84.7050;60;4781.6020;2695;692;2.3691;39;3;9;50;10;52;10;2098;519;1193;2486
CATALUNYA;GLOBAL;2021-03-18;2021-03-24;Si;;;152.4691;81.8815;58;4797.1313;2687;711;2.3150;44;5;8;48;10;51;10;2098;537;926;2777
CATALUNYA;GLOBAL;2021-03-17;2021-03-23;Si;;;148.2338;80.4698;57;4799.9548;2683;717;2.0960;37;4;9;48;9;46;9;2079;545;673;2988
CATALUNYA;GLOBAL;2021-03-16;2021-03-22;Si;;;141.1751;70.5875;50;4629.1329;2610;669;2.0182;37;4;9;40;10;39;12;2023;504;609;3223
CATALUNYA;GLOBAL;2021-03-15;2021-03-21;Si;;;139.7633;64.9405;46;4828.1898;2720;700;1.8695;38;5;13;37;9;37;12;2102;519;622;3382
CATALUNYA;GLOBAL;2021-03-14;2021-03-20;Si;;;151.0574;64.9405;46;4870.5423;2733;717;1.8932;42;4;13;38;8;39;11;2107;534;624;3406
CATALUNYA;GLOBAL;2021-03-13;2021-03-19;Si;;;146.8221;60.7053;43;4873.3658;2733;719;1.8189;40;4;12;34;9;36;12;2099;540;661;3504
CATALUNYA;GLOBAL;2021-03-12;2021-03-18;Si;;;159.5279;62.1170;44;4949.6004;2775;731;1.7991;39;4;15;34;10;35;13;2113;555;647;3237
CATALUNYA;GLOBAL;2021-03-11;2021-03-17;Si;;;159.5279;70.5875;50;4939.7182;2728;771;1.9578;40;3;17;36;14;36;16;2073;583;828;2633
CATALUNYA;GLOBAL;2021-03-10;2021-03-16;Si;;;163.7631;67.7640;48;5007.4822;2774;773;2.0030;42;4;18;33;15;36;18;2113;583;1133;2049
CATALUNYA;GLOBAL;2021-03-09;2021-03-15;Si;;;172.2336;70.5875;50;5263.0092;2966;762;1.7787;47;6;17;35;15;36;14;2244;567;1352;1772
CATALUNYA;GLOBAL;2021-03-08;2021-03-14;Si;;;180.7041;74.8228;53;5452.1839;3111;751;1.8998;49;5;16;35;18;39;16;2319;576;1329;1680
CATALUNYA;GLOBAL;2021-03-07;2021-03-13;Si;;;180.7041;86.1168;61;5474.7720;3132;746;2.0998;51;4;15;38;23;42;19;2332;573;1328;1656
CATALUNYA;GLOBAL;2021-03-06;2021-03-12;Si;;;179.2924;86.1168;61;5493.1247;3128;763;2.0855;55;4;17;38;23;42;19;2338;587;1324;1598
CATALUNYA;GLOBAL;2021-03-05;2021-03-11;Si;;;182.1159;97.4108;69;5621.5941;3217;765;2.3746;57;5;14;44;25;48;23;2406;584;1571;1420
CATALUNYA;GLOBAL;2021-03-04;2021-03-10;Si;;;177.8806;88.9403;63;5826.2981;3419;708;2.1042;54;4;16;39;24;43;22;2552;537;1854;1313
CATALUNYA;GLOBAL;2021-03-03;2021-03-09;Si;;;182.1159;95.9990;68;6313.3523;3706;766;2.0777;52;6;16;44;24;48;21;2734;587;2176;1128
CATALUNYA;GLOBAL;2021-03-02;2021-03-08;Si;;;200.4687;101.6461;72;6614.0553;3876;809;2.1053;45;4;16;48;24;52;22;2893;622;2249;1231
CATALUNYA;GLOBAL;2021-03-01;2021-03-07;Si;;;199.0569;105.8813;75;7270.5198;4318;832;1.9226;43;4;15;53;22;54;20;3216;633;2247;1167
CATALUNYA;GLOBAL;2021-02-28;2021-03-06;Si;;;191.9981;94.5873;67;7238.0495;4290;837;1.7480;38;4;19;50;17;50;17;3195;638;2248;1178
CATALUNYA;GLOBAL;2021-02-27;2021-03-05;Si;;;203.2922;93.1755;66;7319.9311;4320;865;1.7322;33;5;19;50;16;51;16;3209;659;2236;1170
CATALUNYA;GLOBAL;2021-02-26;2021-03-04;Si;;;213.1744;84.7050;60;7558.5170;4484;870;1.4558;32;4;18;48;12;48;10;3319;665;2427;1222
CATALUNYA;GLOBAL;2021-02-25;2021-03-03;Si;;;238.5859;88.9403;63;8056.8653;4819;888;1.4758;33;5;18;54;9;55;8;3584;685;2684;1400
CATALUNYA;GLOBAL;2021-02-24;2021-03-02;Si;;;245.6447;86.1168;61;8421.0972;5099;866;1.3507;38;2;19;52;9;51;9;3781;661;2927;1430
CATALUNYA;GLOBAL;2021-02-23;2021-03-01;Si;;;247.0564;98.8225;70;8865.7989;5409;871;1.5679;43;3;20;60;10;63;10;3987;669;3163;1412
CATALUNYA;GLOBAL;2021-02-22;2021-02-28;Si;;;269.6445;93.1755;66;8798.0348;5304;928;1.5485;46;3;21;55;11;59;12;3886;699;3429;1708
CATALUNYA;GLOBAL;2021-02-21;2021-02-27;Si;;;273.8797;97.4108;69;8888.3869;5373;923;1.6000;48;3;25;57;12;61;13;3930;695;3457;1704
CATALUNYA;GLOBAL;2021-02-20;2021-02-26;Si;;;286.5855;110.1166;78;9047.9148;5519;890;1.6848;50;2;27;64;14;64;15;4018;671;3585;1896
CATALUNYA;GLOBAL;2021-02-19;2021-02-25;Si;;;302.1148;128.4693;91;9126.9729;5587;878;1.9950;53;2;31;73;18;76;19;4098;664;3550;2008
CATALUNYA;GLOBAL;2021-02-18;2021-02-24;Si;;;345.8790;149.6456;106;9662.0267;5953;891;2.2344;56;2;29;87;19;94;20;4421;681;3053;2009
CATALUNYA;GLOBAL;2021-02-17;2021-02-23;Si;;;393.8786;159.5279;113;9955.6710;6057;995;2.2866;57;2;31;93;20;100;20;4493;755;2302;2170
CATALUNYA;GLOBAL;2021-02-16;2021-02-22;Si;;;482.8189;148.2338;105;10623.4294;6422;1103;2.0532;59;1;29;89;16;97;18;4785;816;1940;2242
CATALUNYA;GLOBAL;2021-02-15;2021-02-21;Si;;;539.2890;176.4689;125;11045.5431;6826;998;2.1897;60;3;32;107;18;111;19;5175;762;1914;2874
CATALUNYA;GLOBAL;2021-02-14;2021-02-20;Si;;;540.7007;176.4689;125;11148.6009;6857;1040;2.1645;61;3;27;106;19;110;20;5212;794;1884;2868
CATALUNYA;GLOBAL;2021-02-13;2021-02-19;Si;;;544.9360;176.4689;125;11243.1882;6852;1112;2.1643;65;3;36;105;20;111;21;5240;859;1805;3201
CATALUNYA;GLOBAL;2021-02-12;2021-02-18;Si;;;559.0535;173.6454;123;12667.6454;7467;1506;1.8652;68;7;36;107;16;110;17;5680;1129;1418;3618
CATALUNYA;GLOBAL;2021-02-11;2021-02-17;Si;;;599.9943;196.2334;139;13581.0486;7768;1852;1.9879;70;6;38;119;20;124;21;5909;1385;1196;3972
CATALUNYA;GLOBAL;2021-02-10;2021-02-16;Si;;;655.0526;234.3507;166;14917.9772;8319;2248;2.0742;70;7;46;145;21;143;22;6257;1698;1120;4004
CATALUNYA;GLOBAL;2021-02-09;2021-02-15;Si;;;731.2872;334.5850;237;16009.2610;8877;2463;2.7536;75;8;49;206;31;203;31;6610;1888;1232;4395
CATALUNYA;GLOBAL;2021-02-08;2021-02-14;Si;;;800.4630;362.8201;257;17203.6027;9327;2859;2.8198;77;8;57;219;38;221;38;7010;2175;1054;4730
CATALUNYA;GLOBAL;2021-02-07;2021-02-13;Si;;;823.0510;364.2318;258;17625.7164;9505;2980;2.7636;83;9;66;220;38;222;38;7149;2259;1070;5106
CATALUNYA;GLOBAL;2021-02-06;2021-02-12;Si;;;872.4623;368.4671;261;18601.2366;10087;3089;2.6477;86;9;64;220;41;223;41;7627;2344;1075;5585
CATALUNYA;GLOBAL;2021-02-05;2021-02-11;Si;;;958.5792;385.4081;273;19030.4091;10276;3204;2.7061;93;6;75;228;45;231;46;7759;2477;1110;7161
CATALUNYA;GLOBAL;2021-02-04;2021-02-10;Si;;;1034.8137;403.7609;286;19924.0477;11032;3081;2.6675;99;6;90;240;46;236;47;8234;2375;1293;9325
CATALUNYA;GLOBAL;2021-02-03;2021-02-09;Si;;;1081.4015;420.7019;298;21119.8012;11918;3042;2.7388;112;6;90;251;47;263;47;8946;2373;1300;11699
CATALUNYA;GLOBAL;2021-02-02;2021-02-08;Si;;;1095.5191;396.7021;281;21351.3284;11856;3268;2.5323;117;5;100;236;45;245;45;8934;2518;1157;13649
CATALUNYA;GLOBAL;2021-02-01;2021-02-07;Si;;;1221.1649;437.6429;310;21828.5004;12143;3319;2.8145;122;4;103;263;47;278;50;9126;2528;1279;15006
CATALUNYA;GLOBAL;2021-01-31;2021-02-06;Si;;;1269.1645;458.8192;325;21731.0895;11963;3430;2.8872;123;3;108;277;48;286;49;8975;2628;1470;16613
CATALUNYA;GLOBAL;2021-01-30;2021-02-05;Si;;;1318.5758;503.9952;357;22023.3221;12037;3563;3.2107;132;3;117;297;60;316;60;9034;2677;1653;19084
CATALUNYA;GLOBAL;2021-01-29;2021-02-04;Si;;;1403.2809;573.1710;406;23587.5427;13014;3694;3.4177;142;4;134;332;74;358;73;9821;2790;1747;21756
CATALUNYA;GLOBAL;2021-01-28;2021-02-03;Si;;;1496.4565;631.0528;447;24505.1811;13133;4225;3.7124;160;4;133;342;105;382;108;9987;3212;1827;24379
CATALUNYA;GLOBAL;2021-01-27;2021-02-02;Si;;;1636.2198;660.6996;468;25844.9332;14056;4251;3.6875;163;4;146;343;125;383;130;10667;3245;2022;23285
CATALUNYA;GLOBAL;2021-01-26;2021-02-01;Si;;;1925.6289;698.8169;495;26809.1594;14659;4331;3.7042;164;4;150;363;132;400;138;11124;3400;2186;24410
CATALUNYA;GLOBAL;2021-01-25;2021-01-31;Si;;;2075.2745;783.5220;555;28027.5009;15043;4810;3.8525;177;4;167;412;143;436;145;11324;3757;2836;22817
CATALUNYA;GLOBAL;2021-01-24;2021-01-30;Si;;;2114.8036;810.3453;574;28789.8466;15516;4877;3.9437;184;4;179;412;162;446;165;11660;3833;2744;21068
CATALUNYA;GLOBAL;2021-01-23;2021-01-29;Si;;;2188.2146;814.5805;577;29203.4898;15559;5127;3.8751;184;5;176;418;159;444;163;11603;4061;2976;18368
CATALUNYA;GLOBAL;2021-01-22;2021-01-28;Si;;;2260.2140;830.1098;588;30780.4161;16300;5503;3.7500;192;4;180;423;165;439;173;12110;4210;3435;14509
CATALUNYA;GLOBAL;2021-01-21;2021-01-27;Si;;;2288.4490;865.4036;613;31696.6428;17139;5313;3.6943;193;5;188;461;152;462;152;12625;3995;3694;10027
CATALUNYA;GLOBAL;2021-01-20;2021-01-26;Si;;;2433.8594;975.5202;691;32235.9318;17340;5494;4.0249;201;5;184;515;176;511;173;12929;4065;3633;9343
CATALUNYA;GLOBAL;2021-01-19;2021-01-25;Si;;;2655.5044;1226.8119;869;35912.1325;19972;5466;4.5232;224;6;194;639;230;645;213;14982;3987;3891;5796
CATALUNYA;GLOBAL;2021-01-18;2021-01-24;Si;;;2768.4445;1291.7525;915;37102.2390;20832;5449;4.5128;223;6;183;667;248;661;225;15669;3964;4200;4787
CATALUNYA;GLOBAL;2021-01-17;2021-01-23;Si;;;2791.0325;1304.4583;924;37679.6453;21171;5519;4.5420;228;6;176;682;242;684;221;15938;3987;4429;4642
CATALUNYA;GLOBAL;2021-01-16;2021-01-22;Si;;;2831.9733;1373.6341;973;38233.0519;21597;5485;4.6716;235;6;177;719;254;719;222;16227;3916;4762;3829
CATALUNYA;GLOBAL;2021-01-15;2021-01-21;Si;;;2967.5014;1430.1041;1013;39363.8648;22438;5445;4.7136;235;5;161;743;270;753;232;16934;3963;6300;2566
CATALUNYA;GLOBAL;2021-01-14;2021-01-20;Si;;;3105.8531;1423.0454;1008;42041.9572;24185;5595;4.3875;233;7;154;741;267;756;226;18257;4125;8542;1556
CATALUNYA;GLOBAL;2021-01-13;2021-01-19;Si;;;2967.5014;1458.3392;1033;48753.4234;28388;6146;3.8768;229;6;148;770;263;784;219;21434;4438;10724;586
CATALUNYA;GLOBAL;2021-01-12;2021-01-18;Si;;;2782.5620;1428.6924;1012;52401.3891;30885;6233;3.5735;225;5;145;745;267;764;232;23366;4506;13038;244
CATALUNYA;GLOBAL;2021-01-11;2021-01-17;Si;;;2687.9747;1476.6919;1046;55853.1213;33122;6441;3.5246;229;4;138;782;264;820;230;25099;4692;14582;90
CATALUNYA;GLOBAL;2021-01-10;2021-01-16;Si;;;2697.8569;1486.5742;1053;55745.8282;33298;6189;3.4707;224;5;133;782;271;810;226;25344;4506;16288;0
CATALUNYA;GLOBAL;2021-01-09;2021-01-15;Si;;;2659.7396;1458.3392;1033;56378.2929;33861;6074;3.3510;223;6;136;740;293;771;246;25895;4454;19296;0
CATALUNYA;GLOBAL;2021-01-08;2021-01-14;Si;;;2542.5643;1537.3972;1089;56961.3462;34240;6108;3.4237;212;6;132;805;284;818;226;25976;4517;22328;0
CATALUNYA;GLOBAL;2021-01-07;2021-01-13;Si;;;2546.7995;1682.8076;1192;56762.2892;33325;6882;3.8353;200;5;129;833;359;870;300;25438;5068;25532;0
CATALUNYA;GLOBAL;2021-01-06;2021-01-12;Si;;;2471.9767;1509.1622;1069;45327.1028;26210;5897;4.2358;186;5;125;740;329;776;263;20058;4471;24258;0
CATALUNYA;GLOBAL;2021-01-05;2021-01-11;Si;;;2240.4495;1353.8696;959;38878.2223;21228;6311;4.3960;167;7;122;650;309;682;243;16321;4721;26534;0
CATALUNYA;GLOBAL;2021-01-04;2021-01-10;Si;;;2137.3916;1211.2827;858;35048.1407;18058;6768;4.3839;148;8;114;546;312;588;242;13961;4972;25067;0
CATALUNYA;GLOBAL;2021-01-03;2021-01-09;Si;;;2087.9803;1211.2827;858;34057.0912;17266;6858;4.4780;149;7;109;558;300;584;237;13300;5034;23018;0
CATALUNYA;GLOBAL;2021-01-02;2021-01-08;Si;;;2051.2748;1201.4004;851;33112.6295;16531;6924;4.6109;138;6;107;567;284;583;237;12700;5084;20518;0
CATALUNYA;GLOBAL;2021-01-01;2021-01-07;Si;;;1808.4535;1005.1670;712;26339.0462;12504;6153;4.8149;132;6;99;430;282;454;238;9838;4534;15160;0
CATALUNYA;GLOBAL;2020-12-31;2021-01-06;Si;;;1583.9850;863.9918;612;23346.1332;10564;5973;4.4302;132;5;97;392;220;382;184;8337;4439;10796;0
CATALUNYA;GLOBAL;2020-12-30;2021-01-05;Si;;;1692.6899;962.8144;682;28220.9108;12809;7181;4.1431;134;7;96;438;244;425;211;10085;5266;11263;0
CATALUNYA;GLOBAL;2020-12-29;2021-01-04;Si;;;1667.2784;886.5798;628;27708.4450;11887;7740;3.8382;136;7;85;417;211;395;177;9344;5559;6397;0
CATALUNYA;GLOBAL;2020-12-28;2021-01-03;Si;;;1644.6904;926.1089;656;28081.1474;11593;8298;3.8325;147;8;90;435;221;403;180;9114;6098;5069;0
CATALUNYA;GLOBAL;2020-12-27;2021-01-02;Si;;;1610.8083;876.6976;621;28106.5589;11434;8475;3.7008;138;9;96;403;218;387;177;8990;6250;5627;0
CATALUNYA;GLOBAL;2020-12-26;2021-01-01;Si;;;1535.9855;849.8743;602;27647.7397;11068;8516;3.6957;140;13;92;399;203;391;157;8572;6256;4295;0
CATALUNYA;GLOBAL;2020-12-25;2020-12-31;Si;;;1574.1028;803.2865;569;27603.9754;10812;8741;3.5714;142;14;95;386;183;380;146;8374;6354;4293;0
CATALUNYA;GLOBAL;2020-12-24;2020-12-30;Si;;;1550.1030;719.9932;510;34970.4943;10078;14693;2.5295;134;14;96;346;164;348;120;7872;10630;2573;0
CATALUNYA;GLOBAL;2020-12-23;2020-12-29;Si;;;1576.9263;729.8754;517;42859.3613;8903;21456;2.1398;146;13;101;352;165;364;122;7007;15705;897;0
CATALUNYA;GLOBAL;2020-12-22;2020-12-28;Si;;;1694.1017;780.6985;553;54784.4255;9538;29268;1.8244;145;12;111;379;174;397;137;7556;21714;559;0
CATALUNYA;GLOBAL;2020-12-21;2020-12-27;Si;;;1613.6318;718.5814;509;60181.5512;8845;33784;1.5906;149;11;115;330;179;355;157;7095;25095;559;0
CATALUNYA;GLOBAL;2020-12-20;2020-12-26;Si;;;1623.5141;734.1107;520;59906.2597;8896;33538;1.5875;148;10;107;330;190;354;154;7124;24875;0;0
CATALUNYA;GLOBAL;2020-12-19;2020-12-25;Si;;;1619.2788;686.1111;486;58685.0947;8431;33138;1.5052;140;5;104;308;178;331;143;6892;24598;0;0
CATALUNYA;GLOBAL;2020-12-18;2020-12-24;Si;;;1699.7487;770.8162;546;60593.7826;9848;33073;1.5959;132;4;102;367;179;379;142;8046;24600;0;0
CATALUNYA;GLOBAL;2020-12-17;2020-12-23;Si;;;1771.7480;830.1098;588;52422.5654;10862;26271;2.0437;136;4;100;402;186;428;157;8853;19772;0;0
CATALUNYA;GLOBAL;2020-12-16;2020-12-22;Si;;;1749.1600;847.0508;600;41017.0257;10780;18274;2.5413;132;3;93;442;158;444;132;8786;13880;0;0
CATALUNYA;GLOBAL;2020-12-15;2020-12-21;Si;;;1620.6906;913.4031;647;27104.2154;10253;8946;3.9771;126;4;87;495;152;492;118;8429;6909;0;0
CATALUNYA;GLOBAL;2020-12-14;2020-12-20;Si;;;1661.6314;895.0503;634;17463.3650;9966;2404;5.8355;117;4;83;515;119;512;81;8149;2013;0;0
CATALUNYA;GLOBAL;2020-12-13;2020-12-19;Si;;;1627.7493;889.4033;630;17094.8979;9866;2243;6.0870;116;4;85;516;114;521;86;8066;1906;0;0
CATALUNYA;GLOBAL;2020-12-12;2020-12-18;Si;;;1627.7493;933.1676;661;17319.3664;10099;2169;6.2169;123;4;85;534;127;539;95;8330;1868;0;0
CATALUNYA;GLOBAL;2020-12-11;2020-12-17;Si;;;1606.5731;928.9324;658;16993.2518;10114;1923;6.4526;130;4;89;523;135;542;103;8332;1664;0;0
CATALUNYA;GLOBAL;2020-12-10;2020-12-16;Si;;;1564.2205;941.6381;667;15498.2070;9393;1585;7.0730;126;3;96;545;122;556;88;7765;1340;0;0
CATALUNYA;GLOBAL;2020-12-09;2020-12-15;Si;;;1478.1037;902.1091;639;15012.5645;9128;1506;7.2958;120;3;106;491;148;524;120;7585;1242;0;0
CATALUNYA;GLOBAL;2020-12-08;2020-12-14;Si;;;1351.0461;707.2874;501;12526.4703;7509;1364;6.9429;119;1;106;364;137;397;109;6203;1085;0;0
CATALUNYA;GLOBAL;2020-12-07;2020-12-13;Si;;;1328.4580;766.5810;543;12735.4095;7758;1263;7.2082;113;0;105;405;138;423;113;6428;1008;0;0
CATALUNYA;GLOBAL;2020-12-06;2020-12-12;Si;;;1348.2226;738.3459;523;12839.8791;7769;1326;6.7988;110;0;114;397;126;404;107;6443;1073;0;0
CATALUNYA;GLOBAL;2020-12-05;2020-12-11;Si;;;1342.5755;694.5816;492;12565.9993;7618;1283;6.5816;108;0;113;379;113;387;98;6337;1032;0;0
CATALUNYA;GLOBAL;2020-12-04;2020-12-10;Si;;;1390.5751;677.6406;480;12725.5272;7684;1330;6.2986;102;1;114;371;109;380;98;6547;1042;0;0
CATALUNYA;GLOBAL;2020-12-03;2020-12-09;Si;;;1396.2221;622.5823;441;12687.4100;7735;1252;5.7801;104;1;116;331;110;337;102;6611;984;0;0
CATALUNYA;GLOBAL;2020-12-02;2020-12-08;Si;;;1351.0461;575.9945;408;12996.5835;7917;1289;5.1325;101;2;110;327;81;322;73;6709;987;0;0
CATALUNYA;GLOBAL;2020-12-01;2020-12-07;Si;;;1533.1620;643.7586;456;15241.2683;9440;1356;5.0866;103;2;114;361;95;371;90;7976;1087;0;0
CATALUNYA;GLOBAL;2020-11-30;2020-12-06;Si;;;1435.7511;561.8770;398;15157.9749;9427;1310;4.7213;99;3;123;310;88;339;87;7959;1064;0;0
CATALUNYA;GLOBAL;2020-11-29;2020-12-05;Si;;;1435.7511;609.8766;432;15035.1526;9400;1250;4.9513;102;3;118;327;105;342;100;7921;1006;0;0
CATALUNYA;GLOBAL;2020-11-28;2020-12-04;Si;;;1468.2214;647.9939;459;15149.5044;9409;1322;5.4066;110;3;131;351;108;375;107;7833;1082;0;0
CATALUNYA;GLOBAL;2020-11-27;2020-12-03;Si;;;1579.7498;712.9344;505;15165.0337;9565;1177;6.0170;113;3;128;395;110;424;107;7840;985;0;0
CATALUNYA;GLOBAL;2020-11-26;2020-12-02;Si;;;1668.6901;773.6397;548;14381.5117;9064;1123;6.4871;111;4;127;410;138;432;110;7437;918;0;0
CATALUNYA;GLOBAL;2020-11-25;2020-12-01;Si;;;1740.6894;775.0515;549;13559.8723;8604;1001;7.9511;110;4;142;403;146;504;120;7008;840;0;0
CATALUNYA;GLOBAL;2020-11-24;2020-11-30;Si;;;1838.1003;889.4033;630;13763.1645;8706;1043;7.8841;107;5;131;490;140;508;115;7026;876;0;0
CATALUNYA;GLOBAL;2020-11-23;2020-11-29;Si;;;1871.9823;873.8741;619;13922.6924;8744;1118;7.4135;103;4;126;483;136;482;107;7012;933;0;0
CATALUNYA;GLOBAL;2020-11-22;2020-11-28;Si;;;1838.1003;825.8745;585;13970.6920;8731;1165;7.2209;100;4;123;462;123;477;98;7003;960;0;0
CATALUNYA;GLOBAL;2020-11-21;2020-11-27;Si;;;1866.3353;820.2275;581;13828.1051;8692;1103;6.9885;95;5;110;453;128;457;96;7022;891;0;0
CATALUNYA;GLOBAL;2020-11-20;2020-11-26;Si;;;1942.5699;866.8153;614;13939.6335;8772;1102;7.0805;95;4;108;486;128;476;92;7121;901;0;0
CATALUNYA;GLOBAL;2020-11-19;2020-11-25;Si;;;2004.6870;895.0503;634;14997.0353;9506;1117;7.2477;103;4;110;518;116;524;93;7597;916;0;0
CATALUNYA;GLOBAL;2020-11-18;2020-11-24;Si;;;2082.3333;965.6379;684;15952.7910;10177;1123;6.3581;99;4;106;558;126;477;100;8149;926;0;0
CATALUNYA;GLOBAL;2020-11-17;2020-11-23;Si;;;2186.8029;948.6969;672;15924.5560;10145;1135;7.1176;98;4;125;546;126;540;105;8137;925;0;0
CATALUNYA;GLOBAL;2020-11-16;2020-11-22;Si;;;2272.9197;998.1082;707;15968.3202;10319;992;7.5526;127;6;130;571;136;575;111;8278;805;0;0
CATALUNYA;GLOBAL;2020-11-15;2020-11-21;Si;;;2296.9195;1012.2257;717;15940.0852;10368;923;7.6999;132;6;136;580;137;586;114;8335;756;0;0
CATALUNYA;GLOBAL;2020-11-14;2020-11-20;Si;;;2438.0947;1046.1078;741;16325.4934;10628;936;7.6890;133;6;144;610;131;611;107;8572;766;0;0
CATALUNYA;GLOBAL;2020-11-13;2020-11-19;Si;;;2438.0947;1075.7545;762;16620.5494;10757;1016;7.7247;142;7;155;599;163;602;131;8647;842;0;0
CATALUNYA;GLOBAL;2020-11-12;2020-11-18;Si;;;2510.0940;1109.6366;786;16473.7273;10588;1081;8.0488;148;8;157;626;160;627;139;8616;901;0;0
CATALUNYA;GLOBAL;2020-11-11;2020-11-17;Si;;;2566.5640;1116.6953;791;16668.5490;10692;1115;8.0871;161;7;159;647;144;657;123;8744;901;0;0
CATALUNYA;GLOBAL;2020-11-10;2020-11-16;Si;;;2696.4452;1238.1059;877;17601.7166;11375;1093;8.5476;166;7;157;714;163;737;134;9312;878;0;0
CATALUNYA;GLOBAL;2020-11-09;2020-11-15;Si;;;2834.7968;1274.8115;903;18333.0039;11777;1209;8.1826;149;6;162;723;180;716;148;9582;977;0;0
CATALUNYA;GLOBAL;2020-11-08;2020-11-14;Si;;;2905.3844;1284.6937;910;18471.3555;11859;1225;8.2066;150;6;171;725;185;725;149;9660;990;0;0
CATALUNYA;GLOBAL;2020-11-07;2020-11-13;Si;;;2964.6779;1391.9868;986;18532.0608;11882;1245;8.8725;159;7;166;800;186;799;150;9682;1014;0;0
CATALUNYA;GLOBAL;2020-11-06;2020-11-12;Si;;;2992.9130;1362.3401;965;18337.2391;11447;1542;8.8017;153;8;168;783;182;782;145;9263;1269;0;0
CATALUNYA;GLOBAL;2020-11-05;2020-11-11;Si;;;2944.9134;1400.4574;992;19270.4068;12036;1614;8.6052;145;7;171;784;208;795;160;9759;1339;0;0
CATALUNYA;GLOBAL;2020-11-04;2020-11-10;Si;;;2975.9719;1449.8687;1027;19693.9322;12164;1786;8.8018;165;8;161;801;226;821;178;9859;1491;0;0
CATALUNYA;GLOBAL;2020-11-03;2020-11-09;Si;;;2951.9722;1458.3392;1033;19226.6425;11514;2105;8.5637;180;8;165;782;251;758;187;9274;1761;0;0
CATALUNYA;GLOBAL;2020-11-02;2020-11-08;Si;;;3031.0302;1559.9853;1105;18604.0601;10820;2358;9.7884;195;7;161;825;280;835;215;8801;1926;0;0
CATALUNYA;GLOBAL;2020-11-01;2020-11-07;Si;;;3081.8533;1620.6906;1148;18774.8821;10930;2369;9.9538;197;7;152;866;282;856;221;8886;1934;0;0
CATALUNYA;GLOBAL;2020-10-31;2020-11-06;Si;;;3026.7950;1572.6910;1114;19364.9942;11285;2432;9.4013;198;7;163;819;295;822;230;9191;1999;0;0
CATALUNYA;GLOBAL;2020-10-30;2020-11-05;Si;;;3135.4999;1630.5728;1155;20036.9878;11718;2475;9.2882;209;6;167;860;295;854;233;9684;2019;0;0
CATALUNYA;GLOBAL;2020-10-29;2020-11-04;Si;;;3303.4983;1544.4560;1094;19249.2305;11228;2407;8.9477;209;9;149;806;288;781;219;9221;1955;0;0
CATALUNYA;GLOBAL;2020-10-28;2020-11-03;Si;;;3488.4377;1526.1032;1081;18501.0023;10784;2321;9.0533;181;10;145;796;285;776;208;8959;1910;0;0
CATALUNYA;GLOBAL;2020-10-27;2020-11-02;Si;;;3519.4962;1493.6330;1058;19119.3494;11671;1872;8.7401;169;14;129;821;237;812;180;9808;1542;0;0
CATALUNYA;GLOBAL;2020-10-26;2020-11-01;Si;;;3478.5554;1471.0449;1042;18855.3519;11931;1425;8.9727;168;15;123;857;185;876;138;10098;1203;0;0
CATALUNYA;GLOBAL;2020-10-25;2020-10-31;Si;;;3415.0266;1461.1627;1035;19078.4086;12113;1401;8.8710;180;15;113;846;189;876;140;10268;1185;0;0
CATALUNYA;GLOBAL;2020-10-24;2020-10-30;Si;;;3319.0275;1454.1039;1030;19230.8778;12334;1288;8.8858;173;13;95;852;178;886;138;10455;1069;0;0
CATALUNYA;GLOBAL;2020-10-23;2020-10-29;Si;;;3183.4994;1504.9270;1066;18381.0034;12206;814;10.1335;166;13;79;913;153;974;127;10192;673;0;0
CATALUNYA;GLOBAL;2020-10-22;2020-10-28;Si;;;3158.0879;1759.0422;1246;18224.2990;12188;721;12.1669;169;10;81;1097;149;1195;129;10282;600;0;0
CATALUNYA;GLOBAL;2020-10-21;2020-10-27;Si;;;3083.2650;1962.3344;1390;18492.5318;12612;487;12.9109;169;11;71;1233;157;1280;138;10576;407;0;0
CATALUNYA;GLOBAL;2020-10-20;2020-10-26;Si;;;2837.6203;2025.8632;1435;17566.4229;12034;409;13.5262;163;7;63;1280;155;1286;126;10096;343;0;0
CATALUNYA;GLOBAL;2020-10-19;2020-10-25;Si;;;2606.0931;2007.5105;1422;17487.3648;12051;336;12.9967;144;8;64;1284;138;1231;110;10033;285;0;0
CATALUNYA;GLOBAL;2020-10-18;2020-10-24;Si;;;2586.3285;1953.8639;1384;16965.0167;11722;295;13.0561;129;8;61;1264;120;1214;92;9753;250;0;0
CATALUNYA;GLOBAL;2020-10-17;2020-10-23;Si;;;2476.2119;1864.9236;1321;15540.5596;10756;252;13.4076;121;8;59;1210;111;1146;82;8941;218;0;0
CATALUNYA;GLOBAL;2020-10-16;2020-10-22;Si;;;2244.6847;1678.5724;1189;14443.6287;10064;167;12.5202;116;7;61;1097;92;1026;59;8516;150;0;0
CATALUNYA;GLOBAL;2020-10-15;2020-10-21;Si;;;1956.6874;1399.0456;991;13799.8701;9704;71;9.8888;111;7;57;936;55;786;32;8206;66;0;0
CATALUNYA;GLOBAL;2020-10-14;2020-10-20;Si;;;1612.2201;1120.9306;794;12273.7668;8673;21;8.9098;111;5;58;772;22;657;5;7413;17;0;0
CATALUNYA;GLOBAL;2020-10-13;2020-10-19;Si;;;1307.2818;811.7570;575;10709.5462;7577;9;7.7005;104;4;61;567;8;503;3;6565;6;0;0
CATALUNYA;GLOBAL;2020-10-12;2020-10-18;Si;;;1135.0481;598.5826;424;8711.9180;6169;2;7.0263;105;4;52;418;6;378;1;5392;2;0;0
CATALUNYA;GLOBAL;2020-10-11;2020-10-17;Si;;;1108.2248;632.4646;448;8909.5632;6310;1;7.2529;103;5;52;443;5;399;1;5514;1;0;0
CATALUNYA;GLOBAL;2020-10-10;2020-10-16;Si;;;1067.2840;611.2883;433;9213.0897;6526;0;6.9309;98;5;56;430;3;390;0;5627;0;0;0
CATALUNYA;GLOBAL;2020-10-09;2020-10-15;Si;;;1120.9306;566.1123;401;8478.9790;6006;0;6.7933;99;5;52;397;4;347;0;5108;0;0;0
CATALUNYA;GLOBAL;2020-10-08;2020-10-14;Si;;;988.2259;557.6418;395;7462.5179;5286;0;8.3781;95;5;51;392;3;374;0;4464;0;0;0
CATALUNYA;GLOBAL;2020-10-07;2020-10-13;Si;;;919.0501;491.2894;348;7134.9916;5054;0;7.8394;93;4;55;346;2;332;0;4235;0;0;0
CATALUNYA;GLOBAL;2020-10-06;2020-10-12;Si;;;981.1672;495.5247;351;6846.9943;4850;0;8.4019;95;4;56;349;2;337;0;4011;0;0;0
CATALUNYA;GLOBAL;2020-10-05;2020-10-11;Si;;;1024.9315;536.4655;380;7562.7523;5357;0;8.2311;93;3;55;378;2;369;0;4483;0;0;0
CATALUNYA;GLOBAL;2020-10-04;2020-10-10;Si;;;959.9909;475.7602;337;7302.9900;5173;0;7.5838;90;2;57;335;2;328;0;4325;0;0;0
CATALUNYA;GLOBAL;2020-10-03;2020-10-09;Si;;;935.9911;455.9957;323;6856.8766;4857;0;7.6365;88;2;50;321;2;316;0;4138;0;0;0
CATALUNYA;GLOBAL;2020-10-02;2020-10-08;Si;;;896.4621;554.8183;393;8078.0416;5722;0;7.9715;81;2;45;393;0;391;0;4905;0;0;0
CATALUNYA;GLOBAL;2020-10-01;2020-10-07;Si;;;791.9925;430.5841;305;7712.3980;5463;0;6.5983;80;2;44;305;0;309;0;4683;0;0;0
CATALUNYA;GLOBAL;2020-09-30;2020-10-06;Si;;;732.6989;427.7606;303;7499.2235;5312;0;6.7953;73;2;41;303;0;310;0;4562;0;0;0
CATALUNYA;GLOBAL;2020-09-29;2020-10-05;Si;;;694.5816;485.6424;344;7489.3412;5304;1;7.8804;69;3;40;344;0;361;0;4580;1;0;0
CATALUNYA;GLOBAL;2020-09-28;2020-10-04;Si;;;683.2876;488.4659;346;7950.9839;5631;1;7.2240;59;2;37;346;0;356;0;4927;1;0;0
CATALUNYA;GLOBAL;2020-09-27;2020-10-03;Si;;;693.1699;484.2307;343;7821.1028;5539;1;7.2524;58;2;35;343;0;350;0;4825;1;0;0
CATALUNYA;GLOBAL;2020-09-26;2020-10-02;Si;;;708.6992;479.9954;340;7897.3374;5593;1;7.0945;60;2;34;340;0;346;0;4876;1;0;0
CATALUNYA;GLOBAL;2020-09-25;2020-10-01;Si;;;590.1120;341.6438;242;6769.3480;4792;3;5.8477;59;2;34;242;0;248;0;4238;3;0;0
CATALUNYA;GLOBAL;2020-09-24;2020-09-30;Si;;;607.0531;361.4083;256;7060.1688;4998;3;5.5988;56;1;37;256;0;252;0;4498;3;0;0
CATALUNYA;GLOBAL;2020-09-23;2020-09-29;Si;;;605.6413;304.9383;216;7079.9333;5011;4;4.6889;58;1;37;216;0;211;0;4497;3;0;0
CATALUNYA;GLOBAL;2020-09-22;2020-09-28;Si;;;502.5835;208.9392;148;6958.5227;4926;3;2.9002;61;1;33;148;0;129;0;4446;2;0;0
CATALUNYA;GLOBAL;2020-09-21;2020-09-27;Si;;;509.6422;194.8216;138;6508.1740;4607;3;3.0691;63;2;33;138;0;127;0;4136;2;0;0
CATALUNYA;GLOBAL;2020-09-20;2020-09-26;Si;;;578.8180;208.9392;148;6501.1152;4602;3;3.4000;67;2;28;148;0;141;0;4145;2;0;0
CATALUNYA;GLOBAL;2020-09-19;2020-09-25;Si;;;649.4056;228.7037;162;6550.5265;4637;3;3.4689;61;2;33;162;0;145;0;4178;2;0;0
CATALUNYA;GLOBAL;2020-09-18;2020-09-24;Si;;;626.8176;248.4682;176;6652.1726;4711;1;3.9411;56;3;30;176;0;166;0;4212;0;0;0
CATALUNYA;GLOBAL;2020-09-17;2020-09-23;Si;;;612.7001;245.6447;174;6591.4673;4668;1;4.2768;49;3;22;174;0;178;0;4162;0;0;0
CATALUNYA;GLOBAL;2020-09-16;2020-09-22;Si;;;612.7001;300.7030;213;6554.7618;4643;0;5.2657;47;4;18;213;0;218;0;4140;0;0;0
CATALUNYA;GLOBAL;2020-09-15;2020-09-21;Si;;;608.4648;293.6442;208;6268.1762;4440;0;5.8125;42;3;17;208;0;230;0;3957;0;0;0
CATALUNYA;GLOBAL;2020-09-14;2020-09-20;Si;;;588.7003;314.8205;223;6769.3480;4795;0;5.4297;41;2;21;223;0;230;0;4236;0;0;0
CATALUNYA;GLOBAL;2020-09-13;2020-09-19;Si;;;580.2298;369.8788;262;6815.9358;4828;0;6.2353;31;2;21;262;0;266;0;4266;0;0;0
CATALUNYA;GLOBAL;2020-09-12;2020-09-18;Si;;;566.1123;420.7019;298;6767.9363;4794;0;7.0064;34;2;15;298;0;297;0;4239;0;0;0
CATALUNYA;GLOBAL;2020-09-11;2020-09-17;Si;;;542.1125;378.3493;268;5861.5918;4152;0;7.0943;31;1;16;268;0;261;0;3679;0;0;0
CATALUNYA;GLOBAL;2020-09-10;2020-09-16;Si;;;549.1713;367.0553;260;6162.2949;4365;0;6.4607;36;1;18;260;0;251;0;3885;0;0;0
CATALUNYA;GLOBAL;2020-09-09;2020-09-15;Si;;;554.8183;311.9970;221;6378.2929;4518;0;5.2448;32;0;18;221;0;211;0;4023;0;0;0
CATALUNYA;GLOBAL;2020-09-08;2020-09-14;Si;;;567.5240;314.8205;223;6838.5238;4844;0;4.7441;32;0;19;223;0;203;0;4279;0;0;0
CATALUNYA;GLOBAL;2020-09-07;2020-09-13;Si;;;527.9950;273.8797;194;6337.3521;4489;0;4.7497;35;0;12;194;0;186;0;3916;0;0;0
CATALUNYA;GLOBAL;2020-09-06;2020-09-12;Si;;;463.0544;210.3509;149;6286.5290;4453;0;3.6513;43;0;18;149;0;142;0;3889;0;0;0
CATALUNYA;GLOBAL;2020-09-05;2020-09-11;Si;;;388.2316;145.4103;103;6211.7062;4400;0;2.9757;44;1;18;103;0;114;0;3831;0;0;0
CATALUNYA;GLOBAL;2020-09-04;2020-09-10;Si;;;419.2901;163.7631;116;7826.7498;5544;0;2.6598;46;1;18;116;0;129;0;4850;0;0;0
CATALUNYA;GLOBAL;2020-09-03;2020-09-09;Si;;;434.8194;182.1159;129;8188.1582;5800;0;2.9904;48;1;24;129;0;152;0;5083;0;0;0
CATALUNYA;GLOBAL;2020-09-02;2020-09-08;Si;;;491.2894;242.8212;172;8024.3950;5684;0;3.4448;49;1;25;172;0;172;0;4993;0;0;0
CATALUNYA;GLOBAL;2020-09-01;2020-09-07;Si;;;526.5832;252.7035;179;8027.2185;5686;0;3.5360;49;1;28;179;0;178;0;5034;0;0;0
CATALUNYA;GLOBAL;2020-08-31;2020-09-06;Si;;;513.8775;254.1152;180;8128.8646;5757;1;3.4235;49;1;27;180;0;176;0;5140;1;0;0
CATALUNYA;GLOBAL;2020-08-30;2020-09-05;Si;;;516.7010;252.7035;179;8120.3941;5751;1;3.3925;46;1;26;179;0;174;0;5128;1;0;0
CATALUNYA;GLOBAL;2020-08-29;2020-09-04;Si;;;523.7597;242.8212;172;8110.5119;5744;1;3.1659;41;0;28;172;0;162;0;5116;1;0;0
CATALUNYA;GLOBAL;2020-08-28;2020-09-03;Si;;;540.7007;255.5270;181;7699.6922;5453;1;3.5217;41;0;29;181;0;172;0;4883;1;0;0
CATALUNYA;GLOBAL;2020-08-27;2020-09-02;Si;;;542.1125;252.7035;179;7365.1071;5216;1;3.4671;36;0;24;179;0;159;0;4585;1;0;0
CATALUNYA;GLOBAL;2020-08-26;2020-09-01;Si;;;464.4662;248.4682;176;7737.8095;5480;1;3.6838;38;0;26;176;0;178;0;4831;1;0;0
CATALUNYA;GLOBAL;2020-08-25;2020-08-31;Si;;;461.6427;273.8797;194;7826.7498;5543;1;3.9705;40;0;24;194;0;194;0;4885;1;0;0
CATALUNYA;GLOBAL;2020-08-24;2020-08-30;Si;;;436.2311;259.7622;184;7958.0427;5637;0;3.6993;39;0;32;184;0;185;0;5001;0;0;0
CATALUNYA;GLOBAL;2020-08-23;2020-08-29;Si;;;439.0546;263.9975;187;7976.3955;5650;0;4.0654;38;1;31;187;0;204;0;5018;0;0;0
CATALUNYA;GLOBAL;2020-08-22;2020-08-28;Si;;;443.2899;280.9385;199;8183.9229;5797;0;3.9930;42;1;32;199;0;205;0;5134;0;0;0
CATALUNYA;GLOBAL;2020-08-21;2020-08-27;Si;;;419.2901;285.1737;202;8172.6289;5789;0;3.8079;46;1;32;202;0;195;0;5121;0;0;0
CATALUNYA;GLOBAL;2020-08-20;2020-08-26;Si;;;413.6431;289.4090;205;7727.9272;5474;0;3.9909;44;1;35;205;0;193;0;4836;0;0;0
CATALUNYA;GLOBAL;2020-08-19;2020-08-25;Si;;;376.9376;215.9979;153;7206.9909;5105;0;3.2915;41;2;33;153;0;147;0;4466;0;0;0
CATALUNYA;GLOBAL;2020-08-18;2020-08-24;Si;;;392.4668;187.7629;133;7054.5218;4997;0;2.9053;41;3;33;133;0;124;0;4268;0;0;0
CATALUNYA;GLOBAL;2020-08-17;2020-08-23;Si;;;413.6431;176.4689;125;6645.1139;4707;0;2.9691;45;3;28;125;0;119;0;4008;0;0;0
CATALUNYA;GLOBAL;2020-08-16;2020-08-22;Si;;;409.4079;175.0571;124;6691.7017;4740;0;2.5285;45;3;25;124;0;102;0;4034;0;0;0
CATALUNYA;GLOBAL;2020-08-15;2020-08-21;Si;;;398.1139;162.3514;115;6472.8802;4585;0;2.6598;45;3;24;115;0;104;0;3910;0;0;0
CATALUNYA;GLOBAL;2020-08-14;2020-08-20;Si;;;448.9369;134.1163;95;5992.8847;4245;0;2.8373;41;3;27;95;0;102;0;3595;0;0;0
CATALUNYA;GLOBAL;2020-08-13;2020-08-19;Si;;;470.1132;124.2341;88;6316.1758;4473;1;2.4532;47;4;24;88;0;93;0;3790;1;0;0
CATALUNYA;GLOBAL;2020-08-12;2020-08-18;Si;;;489.8777;160.9396;114;6622.5259;4690;1;3.0326;54;3;25;114;0;121;0;3989;1;0;0
CATALUNYA;GLOBAL;2020-08-11;2020-08-17;Si;;;509.6422;204.7039;145;6509.5857;4610;1;3.8587;57;2;27;145;0;154;0;3990;1;0;0
CATALUNYA;GLOBAL;2020-08-10;2020-08-16;Si;;;525.1715;237.1742;168;6543.4678;4634;1;4.1885;55;3;26;168;0;168;0;4010;1;0;0
CATALUNYA;GLOBAL;2020-08-09;2020-08-15;Si;;;522.3480;234.3507;166;6413.5866;4542;1;4.2515;55;3;30;166;0;167;0;3927;1;0;0
CATALUNYA;GLOBAL;2020-08-08;2020-08-14;Si;;;525.1715;235.7624;167;6615.4671;4685;1;4.2847;53;4;30;167;0;174;0;4060;1;0;0
CATALUNYA;GLOBAL;2020-08-07;2020-08-13;Si;;;544.9360;314.8205;223;6712.8779;4754;1;5.2413;56;4;27;223;0;215;0;4101;1;0;0
CATALUNYA;GLOBAL;2020-08-06;2020-08-12;Si;;;566.1123;345.8790;245;6643.7021;4706;0;5.8491;51;3;28;245;0;238;0;4069;0;0;0
CATALUNYA;GLOBAL;2020-08-05;2020-08-11;Si;;;598.5826;328.9380;233;6585.8203;4665;0;5.4532;48;4;28;233;0;219;0;4016;0;0;0
CATALUNYA;GLOBAL;2020-08-04;2020-08-10;Si;;;605.6413;304.9383;216;6585.8203;4665;0;5.1456;44;4;28;216;0;205;0;3984;0;0;0
CATALUNYA;GLOBAL;2020-08-03;2020-08-09;Si;;;591.5238;287.9972;204;6571.7028;4655;0;5.0566;49;3;30;204;0;201;0;3975;0;0;0
CATALUNYA;GLOBAL;2020-08-02;2020-08-08;Si;;;591.5238;287.9972;204;6753.8187;4784;0;4.9498;51;2;29;204;0;202;0;4081;0;0;0
CATALUNYA;GLOBAL;2020-08-01;2020-08-07;Si;;;598.5826;289.4090;205;6937.3464;4914;0;4.8453;55;1;30;205;0;202;0;4169;0;0;0
CATALUNYA;GLOBAL;2020-07-31;2020-08-06;Si;;;546.3477;230.1154;163;7096.8743;5027;0;3.7652;55;1;30;163;0;161;0;4276;0;0;0
CATALUNYA;GLOBAL;2020-07-30;2020-08-05;Si;;;512.4657;220.2332;156;6993.8165;4953;1;3.9378;60;1;29;156;0;167;0;4240;1;0;0
CATALUNYA;GLOBAL;2020-07-29;2020-08-04;Si;;;513.8775;269.6445;191;7057.3453;4998;1;4.8548;67;0;28;191;0;209;0;4304;1;0;0
CATALUNYA;GLOBAL;2020-07-28;2020-08-03;Si;;;489.8777;300.7030;213;6993.8165;4953;1;5.1628;68;0;27;213;0;222;0;4299;1;0;0
CATALUNYA;GLOBAL;2020-07-27;2020-08-02;Si;;;509.6422;303.5265;215;6806.0535;4819;2;5.1497;66;0;27;215;0;215;0;4173;2;0;0
CATALUNYA;GLOBAL;2020-07-26;2020-08-01;Si;;;526.5832;303.5265;215;6828.6416;4834;3;5.1749;62;0;28;215;0;216;0;4171;3;0;0
CATALUNYA;GLOBAL;2020-07-25;2020-07-31;Si;;;567.5240;309.1735;219;6702.9957;4745;3;5.1741;63;1;28;219;0;214;0;4133;3;0;0
CATALUNYA;GLOBAL;2020-07-24;2020-07-30;Si;;;564.7005;316.2323;224;6615.4671;4683;3;5.4908;65;1;27;224;0;226;0;4113;3;0;0
CATALUNYA;GLOBAL;2020-07-23;2020-07-29;Si;;;549.1713;292.2325;207;6612.6436;4682;2;4.8079;66;1;25;207;0;199;0;4137;2;0;0
CATALUNYA;GLOBAL;2020-07-22;2020-07-28;Si;;;550.5830;244.2329;173;6601.3496;4674;2;3.7843;54;1;24;173;0;153;0;4041;2;0;0
CATALUNYA;GLOBAL;2020-07-21;2020-07-27;Si;;;488.4659;189.1746;134;6481.3507;4589;2;3.0380;54;1;21;134;0;120;0;3948;2;0;0
CATALUNYA;GLOBAL;2020-07-20;2020-07-26;Si;;;484.2307;206.1157;146;6654.9961;4713;1;3.4500;49;2;19;146;0;140;0;4057;1;0;0
CATALUNYA;GLOBAL;2020-07-19;2020-07-25;Si;;;485.6424;223.0567;158;6766.5245;4793;0;3.6066;58;2;13;158;0;150;0;4159;0;0;0
CATALUNYA;GLOBAL;2020-07-18;2020-07-24;Si;;;478.5837;258.3505;183;6765.1127;4792;0;4.6383;54;1;11;183;0;193;0;4161;0;0;0
CATALUNYA;GLOBAL;2020-07-17;2020-07-23;Si;;;454.5839;248.4682;176;6575.9381;4658;0;4.7053;51;1;9;176;0;190;0;4038;0;0;0
CATALUNYA;GLOBAL;2020-07-16;2020-07-22;Si;;;453.1722;256.9387;182;6327.4698;4481;1;4.7865;49;1;8;182;0;185;0;3864;1;0;0
CATALUNYA;GLOBAL;2020-07-15;2020-07-21;Si;;;451.7604;306.3500;217;6107.2366;4325;1;6.0329;52;1;9;217;0;231;0;3828;1;0;0
CATALUNYA;GLOBAL;2020-07-14;2020-07-20;Si;;;468.7014;299.2913;212;6074.7663;4302;1;5.9729;50;1;9;212;0;229;0;3833;1;0;0
CATALUNYA;GLOBAL;2020-07-13;2020-07-19;Si;;;429.1724;278.1150;197;5981.5907;4236;1;5.5716;50;0;7;197;0;212;0;3804;1;0;0
CATALUNYA;GLOBAL;2020-07-12;2020-07-18;Si;;;405.1726;262.5857;186;5892.6504;4173;1;5.5437;42;0;9;186;0;208;0;3751;1;0;0
CATALUNYA;GLOBAL;2020-07-11;2020-07-17;Si;;;368.4671;220.2332;156;5553.8300;3933;1;4.4653;41;0;9;156;0;157;0;3515;1;0;0
CATALUNYA;GLOBAL;2020-07-10;2020-07-16;Si;;;337.4085;206.1157;146;5476.1837;3877;2;4.1461;38;0;9;146;0;143;0;3447;2;0;0
CATALUNYA;GLOBAL;2020-07-09;2020-07-15;Si;;;313.4088;196.2334;139;5679.4759;4021;2;4.0997;29;0;10;139;0;148;0;3608;2;0;0
CATALUNYA;GLOBAL;2020-07-08;2020-07-14;Si;;;234.3507;145.4103;103;5467.7132;3871;2;2.9752;26;0;9;103;0;103;0;3460;2;0;0
CATALUNYA;GLOBAL;2020-07-07;2020-07-13;Si;;;218.8214;169.4101;120;5371.7141;3803;2;2.8165;27;2;10;120;0;95;0;3371;2;0;0
CATALUNYA;GLOBAL;2020-07-06;2020-07-12;Si;;;194.8216;151.0574;107;5095.0108;3606;3;2.5892;32;2;12;107;0;82;0;3164;3;0;0
CATALUNYA;GLOBAL;2020-07-05;2020-07-11;Si;;;187.7629;142.5868;101;4843.7191;3428;3;2.2992;32;2;10;101;0;69;0;2998;3;0;0
CATALUNYA;GLOBAL;2020-07-04;2020-07-10;Si;;;180.7041;148.2338;105;4740.6612;3355;3;2.6630;31;2;9;105;0;78;0;2926;3;0;0
CATALUNYA;GLOBAL;2020-07-03;2020-07-09;Si;;;177.8806;131.2928;93;4424.4289;3132;2;2.4544;31;2;11;93;0;66;0;2687;2;0;0
CATALUNYA;GLOBAL;2020-07-02;2020-07-08;Si;;;155.2926;117.1753;83;4058.7853;2873;2;2.2670;36;2;11;83;0;54;0;2380;2;0;0
CATALUNYA;GLOBAL;2020-07-01;2020-07-07;Si;;;125.6458;88.9403;63;3863.9636;2735;2;1.6466;38;2;10;63;0;37;0;2245;2;0;0
CATALUNYA;GLOBAL;2020-06-30;2020-07-06;Si;;;94.5873;49.4112;35;3712.9062;2627;3;1.5038;36;0;10;35;0;32;0;2126;2;0;0
CATALUNYA;GLOBAL;2020-06-29;2020-07-05;Si;;;88.9403;43.7642;31;3546.3195;2510;2;1.4978;35;0;10;31;0;30;0;2002;1;0;0
CATALUNYA;GLOBAL;2020-06-28;2020-07-04;Si;;;88.9403;45.1760;32;3590.0838;2541;2;1.5331;34;0;12;32;0;31;0;2021;1;0;0
CATALUNYA;GLOBAL;2020-06-27;2020-07-03;Si;;;76.2345;32.4702;23;3636.6716;2574;2;1.0816;35;0;12;23;0;22;0;2033;1;0;0
CATALUNYA;GLOBAL;2020-06-26;2020-07-02;Si;;;77.6463;46.5877;33;3815.9640;2701;2;1.4493;36;0;12;33;0;31;0;2138;1;0;0
CATALUNYA;GLOBAL;2020-06-25;2020-07-01;Si;;;80.4698;38.1172;27;3608.4366;2555;1;1.2922;34;0;12;27;0;26;0;2012;0;0;0
CATALUNYA;GLOBAL;2020-06-24;2020-06-30;Si;;;91.7638;36.7055;26;3234.3225;2290;1;1.4509;33;0;13;26;0;26;0;1792;0;0;0
CATALUNYA;GLOBAL;2020-06-23;2020-06-29;Si;;;98.8225;45.1760;32;3227.2637;2286;0;1.8519;35;0;12;32;0;32;0;1728;0;0;0
CATALUNYA;GLOBAL;2020-06-22;2020-06-28;Si;;;103.0578;45.1760;32;3286.5573;2328;0;1.8540;31;0;12;32;0;32;0;1726;0;0;0
CATALUNYA;GLOBAL;2020-06-21;2020-06-27;Si;;;111.5283;43.7642;31;3234.3225;2291;0;1.8257;30;0;11;31;0;31;0;1698;0;0;0
CATALUNYA;GLOBAL;2020-06-20;2020-06-26;Si;;;111.5283;43.7642;31;3228.6754;2287;0;1.8214;34;0;14;31;0;31;0;1702;0;0;0
CATALUNYA;GLOBAL;2020-06-19;2020-06-25;Si;;;119.9988;31.0585;22;3141.1469;2225;0;1.3043;36;0;13;22;0;21;0;1610;0;0;0
CATALUNYA;GLOBAL;2020-06-18;2020-06-24;Si;;;118.5871;42.3525;30;3415.0266;2419;0;1.8465;35;0;12;30;0;32;0;1733;0;0;0
CATALUNYA;GLOBAL;2020-06-17;2020-06-23;Si;;;135.5281;55.0583;39;4022.0797;2849;0;1.9857;34;0;12;39;0;39;0;1964;0;0;0
CATALUNYA;GLOBAL;2020-06-16;2020-06-22;Si;;;135.5281;53.6465;38;4188.6664;2966;1;1.9539;36;1;13;38;0;39;0;1995;1;0;0
CATALUNYA;GLOBAL;2020-06-15;2020-06-21;Si;;;167.9984;57.8818;41;4253.6070;3012;1;2.0408;35;2;17;41;0;42;0;2057;1;0;0
CATALUNYA;GLOBAL;2020-06-14;2020-06-20;Si;;;187.7629;67.7640;48;4310.0770;3052;1;2.3866;37;2;20;48;0;50;0;2094;1;0;0
CATALUNYA;GLOBAL;2020-06-13;2020-06-19;Si;;;194.8216;67.7640;48;4336.9003;3071;1;2.3866;33;2;20;48;0;50;0;2094;1;0;0
CATALUNYA;GLOBAL;2020-06-12;2020-06-18;Si;;;214.5862;88.9403;63;4849.3661;3434;1;2.9610;30;2;20;63;0;66;0;2228;1;0;0
CATALUNYA;GLOBAL;2020-06-11;2020-06-17;Si;;;237.1742;76.2345;54;4928.4242;3490;1;2.4512;31;3;24;54;0;54;0;2202;1;0;0
CATALUNYA;GLOBAL;2020-06-10;2020-06-16;Si;;;232.9389;80.4698;57;5100.6578;3612;1;2.5732;37;4;25;57;0;58;0;2253;1;0;0
CATALUNYA;GLOBAL;2020-06-09;2020-06-15;Si;;;242.8212;81.8815;58;5449.3604;3859;1;2.8002;36;3;22;58;0;66;0;2356;1;0;0
CATALUNYA;GLOBAL;2020-06-08;2020-06-14;Si;;;247.0564;110.1166;78;5737.3577;4063;1;3.0807;39;2;20;78;0;76;0;2466;1;0;0
CATALUNYA;GLOBAL;2020-06-07;2020-06-13;Si;;;241.4094;119.9988;85;5846.0626;4140;1;3.2596;38;2;19;85;0;81;0;2484;1;0;0
CATALUNYA;GLOBAL;2020-06-06;2020-06-12;Si;;;266.8210;127.0576;90;6055.0018;4288;1;3.4171;38;2;21;90;0;87;0;2545;1;0;0
CATALUNYA;GLOBAL;2020-06-05;2020-06-11;Si;;;293.6442;125.6458;89;6350.0578;4497;1;3.2258;44;2;24;89;0;88;0;2727;1;0;0
CATALUNYA;GLOBAL;2020-06-04;2020-06-10;Si;;;330.3498;160.9396;114;6835.7003;4841;1;3.2838;44;1;25;114;0;95;0;2892;1;0;0
CATALUNYA;GLOBAL;2020-06-03;2020-06-09;Si;;;330.3498;152.4691;108;6865.3471;4862;1;3.2269;40;0;36;108;0;93;0;2881;1;0;0
CATALUNYA;GLOBAL;2020-06-02;2020-06-08;Si;;;357.1731;160.9396;114;6587.2321;4666;0;3.1272;41;0;43;114;0;88;0;2814;0;0;0
CATALUNYA;GLOBAL;2020-06-01;2020-06-07;Si;;;393.8786;136.9398;97;6294.9995;4455;4;2.9130;38;0;45;97;0;79;0;2709;3;0;0
CATALUNYA;GLOBAL;2020-05-31;2020-06-06;Si;;;406.5844;121.4106;86;6623.9376;4688;4;2.3769;40;1;54;86;0;69;0;2900;3;0;0
CATALUNYA;GLOBAL;2020-05-30;2020-06-05;Si;;;431.9959;139.7633;99;7263.4610;5140;5;2.4598;41;1;56;99;0;81;0;3290;3;0;0
CATALUNYA;GLOBAL;2020-05-29;2020-06-04;Si;;;498.3482;167.9984;119;7499.2235;5307;5;2.9412;38;1;61;119;0;101;0;3431;3;0;0
CATALUNYA;GLOBAL;2020-05-28;2020-06-03;Si;;;518.1127;169.4101;120;8126.0411;5751;5;3.1832;47;2;61;120;0;118;0;3704;3;0;0
CATALUNYA;GLOBAL;2020-05-27;2020-06-02;Si;;;614.1118;177.8806;126;8322.2746;5889;6;3.1841;44;2;55;126;0;123;0;3859;4;0;0
CATALUNYA;GLOBAL;2020-05-26;2020-06-01;Si;;;646.5821;196.2334;139;9296.3830;6575;10;3.2349;43;3;55;139;0;137;0;4227;8;0;0
CATALUNYA;GLOBAL;2020-05-25;2020-05-31;Si;;;666.3466;256.9387;182;10363.6671;7334;7;3.5534;45;4;60;181;1;169;0;4750;6;0;0
CATALUNYA;GLOBAL;2020-05-24;2020-05-30;Si;;;676.2289;285.1737;202;10784.3690;7632;7;3.8321;53;3;58;201;1;189;0;4926;6;0;0
CATALUNYA;GLOBAL;2020-05-23;2020-05-29;Si;;;681.8759;292.2325;207;11476.1272;8122;7;3.6233;57;3;65;206;1;192;0;5292;7;0;0
CATALUNYA;GLOBAL;2020-05-22;2020-05-28;Si;;;693.1699;330.3498;234;12453.0592;8814;7;3.7632;62;3;66;233;1;211;0;5600;7;0;0
CATALUNYA;GLOBAL;2020-05-21;2020-05-27;Si;;;745.4047;348.7026;247;13429.9912;9505;8;3.7531;63;2;70;246;1;228;0;6067;8;0;0
CATALUNYA;GLOBAL;2020-05-20;2020-05-26;Si;;;815.9923;436.2311;309;14754.2140;10442;9;4.2757;66;2;77;308;1;286;0;6681;8;0;0
CATALUNYA;GLOBAL;2020-05-19;2020-05-25;Si;;;859.7566;450.3487;319;15307.6206;10837;6;4.1134;75;2;80;317;2;296;0;7191;5;0;0
CATALUNYA;GLOBAL;2020-05-18;2020-05-24;Si;;;831.5215;409.4079;290;15760.7928;11157;7;3.7502;77;2;70;289;1;278;0;7407;6;0;0
CATALUNYA;GLOBAL;2020-05-17;2020-05-23;Si;;;834.3450;391.0551;277;15879.3799;11236;12;3.4967;73;2;70;276;1;264;0;7539;11;0;0
CATALUNYA;GLOBAL;2020-05-16;2020-05-22;Si;;;887.9916;389.6433;276;15454.4427;10934;13;3.6245;70;2;67;275;1;266;0;7327;12;0;0
CATALUNYA;GLOBAL;2020-05-15;2020-05-21;Si;;;878.1093;362.8201;257;14556.5688;10296;15;3.5573;74;2;77;256;1;252;0;7070;14;0;0
CATALUNYA;GLOBAL;2020-05-14;2020-05-20;Si;;;900.6974;396.7021;281;13774.4585;9743;14;3.8216;80;2;82;280;1;263;0;6869;13;0;0
CATALUNYA;GLOBAL;2020-05-13;2020-05-19;Si;;;909.1679;379.7611;269;13725.0472;9707;15;3.5270;82;2;84;266;3;237;1;6734;14;0;0
CATALUNYA;GLOBAL;2020-05-12;2020-05-18;Si;;;967.0497;409.4079;290;13496.3435;9542;18;3.7259;79;1;91;287;3;241;2;6508;14;0;0
CATALUNYA;GLOBAL;2020-05-11;2020-05-17;Si;;;1043.2842;422.1136;299;13317.0511;9412;21;3.9911;86;0;123;296;3;250;2;6297;17;0;0
CATALUNYA;GLOBAL;2020-05-10;2020-05-16;Si;;;1054.5783;443.2899;314;12774.9385;9028;21;4.4437;90;0;140;311;3;266;2;6016;15;0;0
CATALUNYA;GLOBAL;2020-05-09;2020-05-15;Si;;;1113.8718;498.3482;353;12810.2323;9049;25;4.9148;94;1;159;350;3;298;2;6086;18;0;0
CATALUNYA;GLOBAL;2020-05-08;2020-05-14;Si;;;1157.6361;515.2892;365;13010.7010;9187;29;4.9154;99;2;164;362;3;306;2;6246;20;0;0
CATALUNYA;GLOBAL;2020-05-07;2020-05-13;Si;;;1225.4002;503.9952;357;12997.9953;9173;34;4.7365;97;2;196;354;3;300;2;6352;24;0;0
CATALUNYA;GLOBAL;2020-05-06;2020-05-12;Si;;;1415.9866;529.4067;375;13595.1661;9591;39;4.5585;103;2;229;373;2;316;2;6947;29;0;0
CATALUNYA;GLOBAL;2020-05-05;2020-05-11;Si;;;1609.3966;557.6418;395;13959.3980;9846;42;4.5923;111;2;259;392;3;338;1;7348;34;0;0
CATALUNYA;GLOBAL;2020-05-04;2020-05-10;Si;;;1692.6899;621.1706;440;14583.3921;10291;39;4.5840;117;3;278;437;3;367;1;7998;30;0;0
CATALUNYA;GLOBAL;2020-05-03;2020-05-09;Si;;;1816.9240;611.2883;433;15421.9724;10884;40;4.1725;117;4;303;427;6;356;2;8547;33;0;0
CATALUNYA;GLOBAL;2020-05-02;2020-05-08;Si;;;1931.2759;615.5236;436;15338.6791;10825;40;3.8861;127;3;330;429;7;331;2;8535;34;0;0
CATALUNYA;GLOBAL;2020-05-01;2020-05-07;Si;;;2200.9204;642.3468;455;15918.9089;11239;37;3.5902;122;2;369;445;10;332;2;9270;33;0;0
CATALUNYA;GLOBAL;2020-04-30;2020-05-06;Si;;;2587.7403;721.4049;511;17536.7761;12385;37;3.6925;105;2;379;498;13;387;2;10503;32;0;0
CATALUNYA;GLOBAL;2020-04-29;2020-05-05;Si;;;3050.7948;886.5798;628;18104.3001;12791;33;3.8386;92;2;395;615;13;427;1;11121;29;0;0
CATALUNYA;GLOBAL;2020-04-28;2020-05-04;Si;;;3608.4366;1051.7548;745;19405.9350;13716;30;4.4994;71;2;425;734;11;544;2;12108;27;0;0
CATALUNYA;GLOBAL;2020-04-27;2020-05-03;Si;;;4026.3150;1071.5193;759;20268.5151;14323;34;4.4293;50;1;449;743;16;562;5;12769;32;0;0
CATALUNYA;GLOBAL;2020-04-26;2020-05-02;Si;;;4318.5475;1205.6357;854;20878.3917;14756;33;5.0011;37;0;467;841;13;659;4;13226;31;0;0
CATALUNYA;GLOBAL;2020-04-25;2020-05-01;Si;;;4808.4253;1315.7523;932;21812.9711;15417;34;5.5484;17;0;490;919;13;768;4;13882;32;0;0
CATALUNYA;GLOBAL;2020-04-24;2020-04-30;Si;;;6079.0016;1558.5735;1104;23466.1320;16580;42;6.7120;0;0;513;1091;13;992;5;14815;39;0;0
CATALUNYA;GLOBAL;2020-04-23;2020-04-29;Si;;;6852.6413;1866.3353;1322;22883.0787;16163;46;8.2522;0;0;533;1309;13;1179;7;14329;43;0;0
CATALUNYA;GLOBAL;2020-04-22;2020-04-28;Si;;;7579.6933;2164.2149;1533;24132.4787;16969;125;10.5610;0;0;556;1502;31;1593;24;15190;121;0;0
CATALUNYA;GLOBAL;2020-04-21;2020-04-27;Si;;;8085.1003;2556.6818;1811;25129.1752;17655;145;12.0950;0;0;602;1769;42;1913;28;15909;139;0;0
CATALUNYA;GLOBAL;2020-04-20;2020-04-26;Si;;;8405.5679;2954.7957;2093;25134.8222;17655;149;14.2260;0;0;636;2052;41;2250;29;15879;141;0;0
CATALUNYA;GLOBAL;2020-04-19;2020-04-25;Si;;;8534.0373;3112.9118;2205;25196.9393;17698;150;15.0647;0;0;696;2161;44;2391;32;15942;142;0;0
CATALUNYA;GLOBAL;2020-04-18;2020-04-24;Si;;;8894.0339;3492.6730;2474;26244.4588;18442;148;16.2271;0;0;750;2427;47;2698;34;16696;140;0;0
CATALUNYA;GLOBAL;2020-04-17;2020-04-23;Si;;;9311.9123;4520.4280;3202;25971.9908;18206;191;19.3639;0;0;814;3135;67;3196;49;16575;183;0;0
CATALUNYA;GLOBAL;2020-04-16;2020-04-22;Si;;;9650.7326;4986.3060;3532;26073.6369;18260;209;21.1797;0;0;892;3443;89;3529;69;16786;202;0;0
CATALUNYA;GLOBAL;2020-04-15;2020-04-21;Si;;;9801.7901;5415.4784;3836;24253.8893;17010;170;23.6769;0;0;970;3740;96;3675;74;15671;163;0;0
CATALUNYA;GLOBAL;2020-04-14;2020-04-20;Si;;;9729.7907;5528.4185;3916;21482.6213;15049;168;26.8074;0;0;1010;3817;99;3678;82;13863;163;0;0
CATALUNYA;GLOBAL;2020-04-13;2020-04-19;Si;;;9752.3788;5450.7722;3861;19352.2884;13501;207;28.1267;0;0;1073;3760;101;3504;83;12549;204;0;0
CATALUNYA;GLOBAL;2020-04-12;2020-04-18;Si;;;9640.8504;5421.1254;3840;18455.8262;12868;205;29.3646;0;0;1148;3740;100;3473;81;11902;201;0;0
CATALUNYA;GLOBAL;2020-04-11;2020-04-17;Si;;;9375.4411;5401.3609;3826;16936.7817;11778;219;31.9822;0;0;1213;3712;114;3430;97;10814;214;0;0
CATALUNYA;GLOBAL;2020-04-10;2020-04-16;Si;;;8611.6836;4791.4843;3394;14668.0972;10219;171;33.1762;0;0;1250;3290;104;3083;85;9382;167;0;0
CATALUNYA;GLOBAL;2020-04-09;2020-04-15;Si;;;8121.8059;4664.4266;3304;13578.2251;9432;186;34.2144;0;0;1299;3209;95;2938;78;8636;179;0;0
CATALUNYA;GLOBAL;2020-04-08;2020-04-14;Si;;;7626.2811;4386.3116;3107;12208.8262;8480;168;34.9930;0;0;1334;3022;85;2688;74;7731;162;0;0
CATALUNYA;GLOBAL;2020-04-07;2020-04-13;Si;;;7247.9317;4201.3722;2976;11435.1864;7857;243;35.1117;0;0;1388;2894;82;2521;72;7149;236;0;0
CATALUNYA;GLOBAL;2020-04-06;2020-04-12;Si;;;7246.5200;4301.6065;3047;11116.1306;7679;195;37.0834;0;0;1402;2970;77;2569;68;6923;188;0;0
CATALUNYA;GLOBAL;2020-04-05;2020-04-11;Si;;;7297.3430;4219.7249;2989;10406.0197;7179;192;38.6082;0;0;1393;2913;76;2484;68;6424;186;0;0
CATALUNYA;GLOBAL;2020-04-04;2020-04-10;Si;;;7051.6983;3974.0802;2815;9443.2052;6516;173;39.9499;0;0;1378;2757;58;2343;50;5822;168;0;0
CATALUNYA;GLOBAL;2020-04-03;2020-04-09;Si;;;6636.6434;3820.1993;2706;8988.6212;6200;167;41.7802;0;0;1385;2661;45;2315;46;5489;162;0;0
CATALUNYA;GLOBAL;2020-04-02;2020-04-08;Si;;;6193.3534;3457.3792;2449;7767.4563;5377;125;44.3482;0;0;1366;2417;32;2119;31;4724;124;0;0
CATALUNYA;GLOBAL;2020-04-01;2020-04-07;Si;;;5740.1812;3239.9695;2295;7057.3453;4900;99;46.4473;0;0;1320;2278;17;2020;13;4279;98;0;0
CATALUNYA;GLOBAL;2020-03-31;2020-04-06;Si;;;5435.2429;3046.5595;2158;6393.8221;4526;3;48.9399;0;0;1244;2152;6;1937;2;3960;2;0;0
CATALUNYA;GLOBAL;2020-03-30;2020-04-05;Si;;;5137.3634;2944.9134;2086;6410.7631;4539;2;47.9548;0;0;1210;2081;5;1910;1;3984;1;0;0
CATALUNYA;GLOBAL;2020-03-29;2020-04-04;Si;;;5061.1288;3077.6180;2180;6605.5848;4678;1;48.8069;0;0;1137;2176;4;2025;0;4149;0;0;0
CATALUNYA;GLOBAL;2020-03-28;2020-04-03;Si;;;4879.0129;3077.6180;2180;6578.7616;4659;1;48.8916;0;0;1054;2176;4;2007;0;4105;0;0;0
CATALUNYA;GLOBAL;2020-03-27;2020-04-02;Si;;;4437.1347;2816.4440;1995;5878.5329;4163;1;49.9050;0;0;960;1991;4;1839;0;3685;0;0;0
CATALUNYA;GLOBAL;2020-03-26;2020-04-01;Si;;;4151.9609;2735.9742;1938;5532.6538;3918;1;50.4149;0;0;861;1937;1;1762;0;3495;0;0;0
CATALUNYA;GLOBAL;2020-03-25;2020-03-31;Si;;;3743.9647;2500.2117;1771;5001.8352;3542;1;51.2539;0;0;762;1771;0;1635;0;3190;0;0;0
CATALUNYA;GLOBAL;2020-03-24;2020-03-30;Si;;;3434.7912;2388.6834;1692;4719.4849;3343;0;51.4691;0;0;674;1692;0;1559;0;3029;0;0;0
CATALUNYA;GLOBAL;2020-03-23;2020-03-29;Si;;;3043.7360;2192.4499;1553;4103.9613;2907;0;53.4858;0;0;576;1553;0;1427;0;2668;0;0;0
CATALUNYA;GLOBAL;2020-03-22;2020-03-28;Si;;;2758.5622;1983.5107;1405;3568.9075;2528;0;53.0707;0;0;494;1405;0;1253;0;2361;0;0;0
CATALUNYA;GLOBAL;2020-03-21;2020-03-27;Si;;;2455.0357;1801.3948;1276;3035.2655;2150;0;53.4816;0;0;423;1276;0;1106;0;2068;0;0;0
CATALUNYA;GLOBAL;2020-03-20;2020-03-26;Si;;;2119.0388;1620.6906;1148;2744.4447;1944;0;51.8637;0;0;345;1148;0;974;0;1878;0;0;0
CATALUNYA;GLOBAL;2020-03-19;2020-03-25;Si;;;1768.9245;1415.9866;1003;2481.8589;1758;0;50.6173;0;0;287;1003;0;861;0;1701;0;0;0
CATALUNYA;GLOBAL;2020-03-18;2020-03-24;Si;;;1496.4565;1243.7529;881;2241.8612;1588;0;47.9844;0;0;250;880;1;738;0;1538;0;0;0
CATALUNYA;GLOBAL;2020-03-17;2020-03-23;Si;;;1207.0474;1046.1078;741;1932.6876;1369;0;46.1249;0;0;218;740;1;613;0;1329;0;0;0
CATALUNYA;GLOBAL;2020-03-16;2020-03-22;Si;;;959.9909;851.2861;603;1687.0429;1195;0;44.6552;0;0;181;602;1;518;0;1160;0;0;0
CATALUNYA;GLOBAL;2020-03-15;2020-03-21;Si;;;830.1098;775.0515;549;1606.5731;1138;0;43.2701;0;0;156;548;1;479;0;1107;0;0;0
CATALUNYA;GLOBAL;2020-03-14;2020-03-20;Si;;;695.9934;653.6409;463;1356.6931;961;0;41.3136;0;0;142;462;1;390;0;944;0;0;0
CATALUNYA;GLOBAL;2020-03-13;2020-03-19;Si;;;522.3480;498.3482;353;1149.1656;814;0;37.5780;0;0;129;352;1;301;0;801;0;0;0
CATALUNYA;GLOBAL;2020-03-12;2020-03-18;Si;;;364.2318;352.9378;250;919.0501;651;0;34.1158;0;0;106;249;1;218;0;639;0;0;0
CATALUNYA;GLOBAL;2020-03-11;2020-03-17;Si;;;259.7622;252.7035;179;710.1109;503;0;31.4402;0;0;91;179;0;155;0;493;0;0;0
CATALUNYA;GLOBAL;2020-03-10;2020-03-16;Si;;;163.7631;160.9396;114;568.9358;403;0;26.2626;0;0;73;114;0;104;0;396;0;0;0
CATALUNYA;GLOBAL;2020-03-09;2020-03-15;Si;;;110.1166;108.7048;77;441.8781;313;0;23.4528;0;0;56;77;0;72;0;307;0;0;0
CATALUNYA;GLOBAL;2020-03-08;2020-03-14;Si;;;56.4700;55.0583;39;326.1145;231;0;15.0442;0;0;42;39;0;34;0;226;0;0;0
CATALUNYA;GLOBAL;2020-03-07;2020-03-13;Si;;;42.3525;42.3525;30;263.9975;187;0;13.0435;0;0;25;30;0;24;0;184;0;0;0
CATALUNYA;GLOBAL;2020-03-06;2020-03-12;Si;;;23.9997;23.9997;17;177.8806;126;0;8.8710;0;0;15;17;0;11;0;124;0;0;0
CATALUNYA;GLOBAL;2020-03-05;2020-03-11;Si;;;11.2940;11.2940;8;110.1166;78;0;3.8961;0;0;10;8;0;3;0;77;0;0;0
CATALUNYA;GLOBAL;2020-03-04;2020-03-10;Si;;;7.0587;7.0587;5;66.3523;47;0;2.1277;0;0;6;5;0;1;0;47;0;0;0
CATALUNYA;GLOBAL;2020-03-03;2020-03-09;Si;;;2.8235;2.8235;2;32.4702;23;0;0.0000;0;0;3;2;0;0;0;23;0;0;0
CATALUNYA;GLOBAL;2020-03-02;2020-03-08;Si;;;1.4117;1.4117;1;19.7645;14;0;0.0000;0;0;2;1;0;0;0;14;0;0;0
CATALUNYA;GLOBAL;2020-03-01;2020-03-07;Si;;;1.4117;1.4117;1;12.7057;9;0;0.0000;0;0;0;1;0;0;0;9;0;0;0
CATALUNYA;GLOBAL;2020-02-29;2020-03-06;Si;;;0.0000;0.0000;0;5.6470;4;0;0.0000;0;0;0;0;0;0;0;4;0;0;0
CATALUNYA;GLOBAL;2020-02-28;2020-03-05;Si;;;0.0000;0.0000;0;4.2352;3;0;0.0000;0;0;0;0;0;0;0;3;0;0;0
CATALUNYA;GLOBAL;2020-02-27;2020-03-04;Si;;;0.0000;0.0000;0;4.2352;3;0;0.0000;0;0;0;0;0;0;0;3;0;0;0
CATALUNYA;GLOBAL;2020-02-26;2020-03-03;Si;;;0.0000;0.0000;0;1.4117;1;0;0.0000;0;0;0;0;0;0;0;1;0;0;0
CATALUNYA;GLOBAL;2020-02-25;2020-03-02;Si;;;0.0000;0.0000;0;0.0000;0;0;0.0000;0;0;0;0;0;0;0;0;0;0;0
CATALUNYA;GLOBAL;2020-02-24;2020-03-01;Si;;;0.0000;0.0000;0;0.0000;0;0;0.0000;0;0;0;0;0;0;0;0;0;0;0
